id,grp,cycle_time_days,created_date
5052,0,-1,2015-02-05
326,0,-1,2013-12-25
5056,0,-1,2015-10-16
324,0,18,2013-08-13
325,0,-1,2013-12-25
322,0,1,2014-09-17
323,0,-1,2013-10-19
320,0,1,2013-07-23
319,0,2,2013-07-27
317,0,66,2013-07-16
318,0,57,2013-07-18
313,0,53,2013-07-18
5066,0,1,2015-02-17
5065,0,-1,2015-04-18
312,0,20,2013-07-16
5059,0,1,2015-02-08
5058,0,1,2015-02-10
308,0,3,2013-08-18
6362,0,4,2015-07-23
5034,0,1,2015-02-19
302,0,171,2013-07-26
303,0,72,2013-07-14
301,0,9,2013-08-13
7686,0,1,2016-04-28
7687,0,233,2017-03-21
7688,0,61,2016-04-24
7689,0,-1,2016-11-09
5040,0,2,2015-02-04
5045,0,2,2015-02-04
6369,0,10,2015-07-06
5096,0,-1,2015-05-09
5095,0,-1,2015-05-09
5094,0,4,2015-03-02
5093,0,1,2015-02-15
369,0,26,2013-09-15
5099,0,10,2015-02-14
366,0,238,2013-09-27
367,0,-1,2013-12-06
364,0,173,2013-09-11
365,0,6,2013-12-07
363,0,14,2013-09-03
360,0,-1,2014-12-21
361,0,15,2013-09-17
357,0,15,2013-08-27
358,0,15,2013-08-27
355,0,1,2013-08-19
353,0,8,2013-08-26
354,0,-1,2013-08-19
352,0,-1,2013-10-19
5070,0,1,2015-05-01
5073,0,10,2015-02-12
349,0,69,2013-12-27
5071,0,-1,2015-05-01
346,0,-1,2013-08-08
347,0,4,2013-08-12
5077,0,3,2015-02-13
5076,0,2,2015-02-15
344,0,35,2013-08-07
345,0,165,2014-04-17
343,0,26,2013-09-06
335,0,-1,2013-07-30
336,0,1,2013-10-17
333,0,38,2013-09-27
334,0,114,2013-08-23
285,0,240,2013-08-14
7741,0,2,2016-05-24
7743,0,15,2016-05-27
7744,0,2,2016-05-27
6413,0,9,2015-07-12
6431,0,6,2015-07-22
5100,0,5,2015-02-14
6425,0,4,2015-07-13
6427,0,-1,2015-12-27
6422,0,6,2015-07-18
6423,0,1,2015-07-21
263,0,-1,2014-03-07
262,0,65,2013-07-06
7727,0,106,2016-06-03
7734,0,16,2016-05-09
254,0,-1,2013-03-01
7735,0,-1,2016-05-13
252,0,33,2013-08-17
253,0,171,2013-07-14
7739,0,-1,2016-10-23
7792,0,1,2016-06-23
7790,0,1,2016-06-21
7789,0,1,2016-06-20
7788,0,1,2016-06-20
6472,0,2,2015-07-28
6470,0,-1,2015-07-22
6471,0,3,2015-07-26
7797,0,1,2016-07-06
7799,0,-1,2016-09-06
6440,0,4,2015-07-20
6441,0,2,2015-07-18
6442,0,1,2015-07-16
5111,0,-1,2015-05-20
5110,0,-1,2015-02-16
5104,0,-1,2015-05-10
5103,0,-1,2015-02-14
5102,0,-1,2015-02-14
6439,0,-1,2015-08-26
5101,0,-1,2015-02-14
6432,0,3,2015-07-26
5108,0,1,2015-04-28
6433,0,4,2015-07-28
5107,0,-1,2015-04-11
6434,0,4,2015-08-03
5106,0,-1,2015-04-11
5105,0,-1,2015-05-10
5109,0,-1,2015-04-11
296,0,45,2013-11-19
6445,0,1,2015-07-18
292,0,278,2013-11-07
6446,0,9,2015-07-18
290,0,11,2013-06-28
291,0,-1,2015-08-07
7712,0,-1,2016-11-03
7714,0,-1,2016-04-26
7715,0,-1,2016-11-16
7716,0,158,2016-05-19
7717,0,158,2016-05-19
7718,0,-1,2016-07-01
409,0,42,2013-09-28
407,0,6,2013-09-21
408,0,6,2013-09-23
7594,0,16,2016-02-22
7595,0,9,2016-02-22
447,0,-1,2013-10-02
7597,0,8,2016-02-26
441,0,1,2013-10-02
7587,0,-1,2016-02-16
6258,0,4,2015-07-04
435,0,-1,2014-01-06
7598,0,10,2016-03-01
6267,0,4,2015-06-22
7599,0,10,2016-03-05
6268,0,4,2015-08-25
429,0,2,2013-09-29
427,0,-1,2013-12-06
425,0,25,2013-09-28
426,0,12,2013-09-28
423,0,11,2013-10-12
424,0,24,2013-09-27
6234,0,10,2015-06-19
6235,0,13,2015-06-17
7583,0,5,2016-02-15
7586,0,1,2016-02-16
7580,0,42,2016-03-10
413,0,-1,2013-09-23
7581,0,226,2016-03-10
410,0,46,2014-04-30
7576,0,1,2016-02-21
7578,0,1,2016-03-02
7579,0,226,2016-03-10
484,0,2,2013-10-10
481,0,-1,2013-10-05
482,0,-1,2014-05-03
480,0,-1,2013-10-07
478,0,15,2013-10-09
479,0,28,2013-10-13
477,0,-1,2013-10-09
473,0,8,2013-10-04
471,0,4,2013-12-16
465,0,-1,2013-02-04
6284,0,1,2015-06-23
466,0,42,2013-10-01
464,0,1,2014-02-28
461,0,-1,2014-02-11
462,0,-1,2013-10-02
6278,0,7,2015-06-21
459,0,35,2013-10-20
457,0,-1,2013-09-30
452,0,28,2013-10-04
453,0,3,2013-10-02
451,0,-1,2013-10-12
6289,0,-1,2015-12-12
7630,0,2,2016-04-14
7624,0,-1,2016-06-10
7625,0,10,2016-03-14
7626,0,21,2016-06-30
7627,0,4,2016-03-16
7621,0,2,2016-03-23
7623,0,158,2016-04-06
7628,0,1,2016-05-01
7629,0,103,2016-03-20
7641,0,4,2016-03-15
397,0,-1,2013-05-23
398,0,-1,2013-09-25
7637,0,-1,2016-03-08
7631,0,-1,2016-04-02
393,0,31,2013-10-30
7632,0,1,2016-03-04
394,0,1,2013-09-18
391,0,-1,2013-12-12
392,0,33,2013-09-18
390,0,-1,2013-11-30
389,0,39,2013-09-12
7602,0,9,2016-03-17
7603,0,9,2016-03-21
7604,0,5,2016-03-27
7605,0,8,2016-03-29
382,0,-1,2013-11-02
7600,0,-1,2016-03-13
7601,0,10,2016-03-13
7606,0,7,2016-04-02
7607,0,10,2016-04-06
7608,0,10,2016-04-10
7609,0,9,2016-04-14
7610,0,5,2016-04-20
7671,0,-1,2016-10-13
6340,0,2,2015-06-25
7672,0,-1,2016-10-13
6341,0,1,2015-06-30
7670,0,66,2016-12-18
7668,0,66,2016-12-17
6337,0,8,2015-06-28
7669,0,-1,2016-07-24
6338,0,-1,2015-06-23
6339,0,-1,2015-06-23
7664,0,5,2016-03-30
7667,0,58,2016-04-03
6336,0,5,2015-06-29
7682,0,-1,2016-08-05
7683,0,66,2016-12-06
7684,0,-1,2016-07-26
7681,0,4,2016-05-09
6350,0,15,2016-06-27
6348,0,1,2015-07-14
6349,0,6,2015-06-29
6345,0,4,2015-06-30
6346,0,-1,2015-10-04
6347,0,7,2015-07-10
7642,0,4,2016-04-20
7660,0,9,2016-03-21
7661,0,28,2016-03-27
7662,0,28,2016-04-02
7663,0,11,2016-04-21
7657,0,-1,2016-04-14
7658,0,11,2016-03-27
6327,0,6,2015-06-22
7659,0,16,2016-04-02
5297,0,4,2015-02-28
5273,0,7,2015-02-27
5269,0,22,2015-02-24
5283,0,6,2015-02-28
117,0,73,2013-08-26
115,0,-1,2013-05-14
113,0,39,2013-08-14
114,0,13,2013-05-31
109,0,-1,2013-06-24
107,0,38,2013-05-18
100,0,-1,2013-07-11
101,0,-1,2013-11-06
7990,0,4,2016-09-24
7991,0,6,2016-09-22
7992,0,3,2016-09-28
6661,0,8,2015-08-30
5331,0,4,2015-03-25
5330,0,-1,2015-05-24
7987,0,1,2016-09-24
6656,0,1,2015-08-24
7988,0,10,2016-09-10
6657,0,3,2015-09-15
7989,0,7,2016-09-14
5322,0,-1,2015-03-13
5321,0,1,2015-03-25
5328,0,1,2015-03-19
5327,0,5,2015-03-17
5326,0,3,2015-03-14
7986,0,1,2016-09-22
6655,0,1,2015-08-24
5325,0,11,2015-03-25
5329,0,-1,2015-03-23
6670,0,74,2015-08-24
5342,0,9,2015-03-14
5341,0,9,2015-03-10
5333,0,1,2015-03-23
5332,0,7,2015-03-25
7995,0,1,2016-09-19
7996,0,15,2016-10-15
5301,0,10,2015-02-28
7967,0,16,2016-09-22
6637,0,-1,2015-08-19
5306,0,8,2015-03-02
5307,0,3,2015-03-09
6650,0,1,2015-08-23
5320,0,-1,2015-03-10
6645,0,1,2015-08-22
6646,0,7,2015-09-20
6647,0,15,2015-08-23
6643,0,1,2015-08-22
6644,0,1,2015-08-20
6649,0,1,2015-10-08
5375,0,2,2015-03-20
4037,0,-1,2015-01-24
4036,0,3,2014-10-18
4035,0,-1,2015-01-13
5365,0,-1,2015-03-21
6697,0,-1,2015-08-26
4039,0,7,2014-10-18
4038,0,-1,2015-01-13
5380,0,-1,2015-05-25
5385,0,-1,2015-05-31
4053,0,1,2014-10-15
5379,0,-1,2015-03-19
5377,0,9,2015-03-16
6680,0,1,2015-08-25
6678,0,10,2015-08-27
6679,0,-1,2015-08-27
5345,0,17,2015-03-26
5344,0,10,2015-03-22
5343,0,9,2015-03-18
6677,0,3,2015-08-29
4016,0,4,2014-11-10
5357,0,-1,2015-03-17
5356,0,-1,2015-03-11
5359,0,1,2015-03-16
5358,0,21,2015-03-25
7902,0,6,2016-09-02
7907,0,2,2016-08-28
7908,0,6,2016-08-26
7909,0,-1,2016-10-26
7905,0,-1,2016-11-14
7906,0,-1,2016-08-26
7910,0,6,2016-09-10
6613,0,-1,2015-08-14
6611,0,1,2015-09-07
7948,0,-1,2016-09-20
7929,0,2,2016-09-14
6604,0,9,2015-08-21
207,0,-1,2013-01-31
208,0,-1,2013-03-13
205,0,-1,2013-09-13
206,0,8,2013-08-03
203,0,-1,2012-12-26
204,0,-1,2013-03-28
201,0,-1,2013-06-13
202,0,-1,2012-12-20
200,0,-1,2013-06-17
6499,0,1,2015-08-01
6485,0,1,2015-08-02
5158,0,5,2015-02-16
5156,0,6,2015-02-16
6488,0,2,2015-08-06
247,0,-1,2013-06-17
248,0,-1,2013-09-24
245,0,2,2013-10-23
246,0,-1,2014-02-26
243,0,145,2014-05-27
244,0,393,2015-01-30
240,0,80,2013-06-24
238,0,-1,2013-06-17
239,0,13,2013-06-19
232,0,39,2013-12-27
231,0,45,2014-01-03
220,0,-1,2013-11-19
219,0,-1,2015-08-31
215,0,-1,2013-06-03
167,0,62,2013-06-28
162,0,31,2013-05-29
163,0,-1,2013-05-19
160,0,-1,2013-05-19
161,0,-1,2013-05-25
7880,0,6,2016-08-06
159,0,-1,2013-05-17
157,0,-1,2013-06-20
158,0,52,2013-06-12
7877,0,-1,2016-08-04
155,0,-1,2013-05-12
7878,0,1,2016-08-24
156,0,-1,2013-05-16
7879,0,1,2016-08-25
153,0,7,2013-06-08
151,0,7,2013-06-06
152,0,8,2013-06-12
7876,0,3,2016-08-02
150,0,37,2013-06-04
149,0,1,2013-06-08
7844,0,-1,2016-10-13
6516,0,4,2016-12-25
5250,0,4,2015-04-09
5252,0,6,2015-02-24
5251,0,-1,2015-02-19
5248,0,1,2015-03-03
6593,0,4,2015-08-16
5261,0,-1,2015-04-14
6594,0,-1,2015-08-24
5260,0,-1,2015-05-14
6595,0,3,2015-09-01
6596,0,-1,2015-09-09
199,0,-1,2013-08-20
197,0,-1,2013-02-21
198,0,-1,2013-03-13
195,0,1,2013-09-01
6587,0,1,2015-08-15
196,0,-1,2013-01-01
6588,0,9,2015-08-13
193,0,-1,2013-08-23
194,0,-1,2013-08-23
191,0,-1,2013-04-07
192,0,14,2013-07-04
190,0,-1,2012-12-26
7890,0,2,2016-11-09
188,0,-1,2013-12-27
189,0,-1,2012-11-03
186,0,-1,2013-01-22
187,0,-1,2013-08-20
184,0,-1,2013-08-20
185,0,-1,2013-01-01
182,0,-1,2013-02-16
183,0,-1,2013-06-21
180,0,22,2013-06-17
181,0,15,2013-06-17
6573,0,9,2015-08-12
5243,0,8,2015-03-01
179,0,-1,2013-04-10
5240,0,195,2015-02-17
177,0,-1,2013-01-24
178,0,55,2013-06-17
175,0,41,2013-06-17
176,0,-1,2013-01-22
7895,0,2,2016-08-30
173,0,-1,2013-04-10
7896,0,4,2016-08-27
174,0,-1,2013-04-14
7897,0,3,2016-08-31
171,0,43,2013-06-15
7898,0,10,2016-08-16
172,0,23,2013-06-17
170,0,44,2013-06-15
6502,0,7,2015-08-01
6504,0,10,2015-08-03
6505,0,7,2015-08-07
7800,0,7,2016-06-30
7803,0,3,2016-08-03
7804,0,-1,2016-07-17
723,0,-1,2013-11-02
719,0,-1,2013-10-27
768,0,-1,2013-11-04
769,0,27,2013-11-02
766,0,56,2013-11-08
8,0,-1,2013-06-09
762,0,8,2013-11-05
763,0,-1,2014-01-01
1,0,-1,2013-10-17
761,0,4,2013-11-19
756,0,-1,2014-03-08
753,0,-1,2014-04-13
752,0,-1,2014-04-13
745,0,8,2013-10-29
742,0,3,2013-11-04
734,0,1,2013-11-06
732,0,-1,2013-11-02
797,0,-1,2013-11-19
793,0,-1,2013-11-24
794,0,-1,2013-11-14
791,0,4,2013-11-08
792,0,1,2013-11-24
788,0,12,2013-11-05
789,0,-1,2013-11-11
786,0,14,2013-11-04
783,0,326,2013-12-08
773,0,6,2013-11-07
774,0,2,2013-11-07
771,0,2,2013-11-01
772,0,2,2013-11-07
770,0,26,2013-11-15
4242,0,5,2014-11-04
4241,0,1,2014-11-01
4235,0,-1,2014-10-30
4234,0,2,2014-11-01
4233,0,-1,2014-10-30
4245,0,1,2014-11-21
4244,0,2,2014-11-27
4243,0,2,2014-11-25
4220,0,1,2014-11-01
6876,0,16,2015-10-16
5544,0,3,2015-04-05
6873,0,9,2015-10-12
4216,0,-1,2015-02-15
6874,0,11,2015-10-12
6875,0,10,2015-10-16
4219,0,1,2014-11-01
4218,0,6,2014-11-26
4223,0,1,2014-12-18
4228,0,1,2014-10-31
4227,0,1,2014-10-31
4279,0,-1,2014-11-04
4278,0,-1,2014-11-04
4277,0,-1,2014-11-04
4261,0,33,2014-11-07
4275,0,-1,2014-12-03
4274,0,-1,2014-11-03
5599,0,-1,2015-04-05
4268,0,-1,2014-11-11
5598,0,1,2015-03-30
4267,0,-1,2015-02-19
6810,0,8,2015-09-26
6812,0,2,2015-09-23
6813,0,1,2015-10-02
6814,0,4,2015-09-28
6827,0,2,2015-09-27
6809,0,1,2015-10-04
6804,0,1,2015-09-18
6805,0,1,2015-09-18
6806,0,-1,2015-09-20
6860,0,1,2015-09-29
6870,0,2,2015-10-06
6867,0,5,2015-10-09
6861,0,3,2015-10-03
4208,0,1,2014-10-26
6834,0,14,2015-09-26
6835,0,1,2015-09-29
6836,0,3,2015-09-30
6837,0,1,2015-09-30
848,0,1,2013-11-27
832,0,-1,2013-11-17
830,0,-1,2014-03-07
820,0,-1,2013-11-19
819,0,-1,2013-11-11
889,0,23,2013-11-14
883,0,-1,2013-11-22
878,0,7,2013-11-14
877,0,2,2013-12-11
868,0,2,2013-11-22
857,0,5,2013-11-28
852,0,-1,2014-01-07
850,0,4,2013-12-07
851,0,-1,2014-01-05
4080,0,-1,2015-02-16
4087,0,10,2014-10-23
4086,0,8,2014-12-05
4078,0,4,2014-10-21
4097,0,-1,2015-02-14
4062,0,-1,2015-02-13
4061,0,-1,2014-10-16
4060,0,-1,2014-10-16
4059,0,1,2014-10-16
4058,0,-1,2014-10-16
4057,0,-1,2015-02-12
4073,0,-1,2015-01-17
4072,0,-1,2014-10-24
4071,0,-1,2015-01-17
4070,0,-1,2014-11-21
897,0,-1,2014-07-23
4075,0,-1,2015-02-15
4074,0,-1,2015-01-17
4069,0,-1,2015-01-26
891,0,-1,2013-12-09
6777,0,3,2015-09-30
5443,0,1,2015-03-21
5460,0,9,2015-03-26
5456,0,1,2015-03-24
5455,0,1,2015-03-24
5458,0,-1,2015-03-23
6760,0,-1,2016-02-06
5430,0,9,2015-04-22
6751,0,3,2015-09-03
6767,0,10,2015-09-19
5433,0,325,2015-05-29
6768,0,7,2015-09-19
6765,0,63,2015-09-08
5497,0,4,2015-04-04
5474,0,4,2015-03-26
5467,0,13,2015-03-25
5464,0,4,2015-04-05
6798,0,2,2015-09-17
5483,0,2,2015-03-26
5476,0,2,2015-05-04
5475,0,1,2015-03-30
6700,0,1,2015-08-27
6701,0,1,2015-08-27
6708,0,-1,2015-08-28
6709,0,-1,2015-08-28
6706,0,-1,2016-05-27
6707,0,1,2015-09-13
5403,0,2,2015-04-11
5402,0,6,2015-03-24
6739,0,2,2015-09-13
6750,0,1,2015-09-03
6745,0,1,2015-09-02
6740,0,5,2015-09-09
6741,0,5,2015-09-11
6743,0,383,2015-09-02
6711,0,-1,2015-09-06
6712,0,9,2015-09-04
528,0,68,2014-01-12
526,0,-1,2013-11-06
527,0,1,2013-11-06
524,0,11,2013-10-13
525,0,-1,2014-03-30
520,0,1140,2013-10-13
521,0,12,2013-10-11
519,0,1,2013-11-10
517,0,3,2013-12-05
518,0,3,2013-10-11
515,0,-1,2013-10-22
516,0,10,2013-10-12
514,0,4,2013-10-14
511,0,9,2013-10-10
510,0,22,2013-10-18
502,0,11,2013-10-11
503,0,10,2013-10-11
501,0,1,2013-10-15
569,0,-1,2016-06-28
548,0,-1,2013-10-14
549,0,-1,2014-03-31
546,0,-1,2013-10-14
545,0,-1,2013-10-12
542,0,-1,2014-03-30
543,0,-1,2014-03-30
537,0,-1,2013-10-19
535,0,12,2013-10-26
536,0,14,2013-10-26
533,0,-1,2014-03-30
530,0,-1,2013-10-13
3099,0,5,2014-07-29
597,0,12,2013-10-28
598,0,1,2013-12-23
595,0,-1,2013-11-11
596,0,-1,2013-10-18
593,0,-1,2013-10-20
594,0,-1,2013-11-01
591,0,1,2013-10-22
592,0,4,2013-10-22
590,0,-1,2013-10-20
588,0,1,2013-10-18
582,0,2,2013-11-22
575,0,2,2013-11-21
574,0,-1,2013-10-15
571,0,-1,2013-10-16
4483,0,-1,2015-02-19
3143,0,1,2014-08-18
3144,0,-1,2014-07-31
4485,0,-1,2015-02-07
4455,0,-1,2014-12-21
4452,0,-1,2014-12-01
4456,0,-1,2015-02-05
3141,0,-1,2014-12-19
3142,0,5,2014-08-02
4470,0,1,2014-12-31
497,0,21,2013-11-15
4464,0,-1,2014-12-09
3138,0,-1,2014-08-01
493,0,-1,2013-12-13
3139,0,1,2014-12-02
3137,0,2,2014-08-03
4499,0,17,2014-11-25
4497,0,-1,2015-02-27
5720,0,8,2015-07-18
5724,0,2,2015-04-23
5723,0,8,2015-05-05
5722,0,2,2015-04-25
5728,0,12,2015-04-21
5725,0,1,2015-10-30
5701,0,3,2015-04-17
5704,0,1,2015-04-19
5712,0,2,2015-04-22
5715,0,-1,2015-04-18
5714,0,-1,2015-04-18
5718,0,-1,2015-07-21
3105,0,-1,2014-08-03
3106,0,-1,2014-08-01
5767,0,1,2015-05-05
5766,0,2,2015-05-21
4448,0,-1,2014-11-20
5778,0,4,2015-04-27
4447,0,-1,2015-02-26
5777,0,7,2015-04-26
4445,0,-1,2014-12-31
5740,0,2,2015-04-21
4415,0,7,2014-11-13
4414,0,3,2014-11-10
4413,0,3,2014-11-10
4412,0,-1,2014-11-10
5749,0,1,2015-05-28
5748,0,6,2015-04-24
4417,0,-1,2014-11-11
5747,0,10,2015-04-24
5753,0,7,2015-04-24
5752,0,-1,2015-04-22
5755,0,4,2015-04-25
5754,0,-1,2015-04-22
605,0,106,2014-06-22
606,0,-1,2014-01-21
603,0,9,2013-10-19
602,0,-1,2013-10-19
647,0,-1,2014-04-09
648,0,4,2013-10-25
645,0,-1,2013-11-07
644,0,-1,2013-12-21
634,0,-1,2015-01-20
632,0,26,2013-10-18
633,0,11,2013-10-24
630,0,-1,2013-12-24
614,0,-1,2013-10-19
612,0,-1,2014-01-03
611,0,-1,2014-01-04
670,0,-1,2013-11-21
669,0,-1,2013-10-28
658,0,-1,2013-10-28
656,0,36,2013-11-03
657,0,108,2014-07-27
655,0,-1,2014-04-10
652,0,-1,2013-10-28
692,0,62,2014-04-14
3010,0,-1,2014-07-24
3002,0,-1,2014-08-07
3003,0,4,2014-07-24
6999,0,10,2015-11-02
3001,0,-1,2014-07-24
6993,0,5,2015-10-29
3006,0,1,2014-08-13
3007,0,1,2014-07-26
3004,0,1,2014-11-24
3005,0,1,2014-07-26
3008,0,24,2014-07-26
3009,0,2,2014-07-24
3011,0,9,2014-07-26
3071,0,2,2014-07-29
3070,0,2,2014-08-02
3068,0,5,2014-07-29
3069,0,1,2014-07-29
3066,0,10,2014-07-29
3067,0,-1,2014-08-20
3077,0,-1,2014-12-18
3078,0,2,2014-07-30
5601,0,-1,2015-03-31
5610,0,9,2015-04-13
5614,0,1,2015-04-03
5613,0,1,2015-04-03
5612,0,-1,2015-04-01
5611,0,1,2015-04-15
5617,0,1,2015-04-04
5616,0,1,2015-04-04
5615,0,1,2015-04-03
5619,0,12,2015-04-07
6913,0,2,2015-10-08
6914,0,-1,2015-10-10
6924,0,11,2015-10-08
6980,0,1,2015-10-14
5641,0,7,2015-04-12
6978,0,1,2015-10-16
5640,0,9,2015-04-12
6971,0,6,2015-10-13
6972,0,6,2015-10-21
6973,0,12,2015-10-13
6990,0,10,2015-10-29
6991,0,6,2015-10-21
6992,0,5,2015-10-29
6989,0,7,2015-10-21
6982,0,-1,2016-06-30
6983,0,-1,2016-03-05
5627,0,-1,2015-10-22
5626,0,10,2015-04-11
5633,0,1,2015-04-13
4309,0,-1,2014-11-09
5639,0,3,2015-04-14
4308,0,-1,2015-02-27
4307,0,-1,2015-01-30
13,1,-1,2015-04-17
14,1,-1,2015-04-17
15,1,10,2015-02-10
16,1,-1,2015-04-15
17,1,-1,2015-02-09
4274,1,2,2017-11-11
4273,1,1,2017-11-02
4278,1,-1,2017-12-08
4279,1,-1,2017-12-08
4281,1,12,2017-11-07
4280,1,8,2017-11-07
10,1,6,2015-02-10
11,1,29,2015-02-10
4282,1,51,2017-11-11
12,1,8,2015-02-10
4294,1,-1,2017-12-11
4295,1,1,2017-11-10
4298,1,-1,2017-12-13
4297,1,-1,2017-12-13
4299,1,2,2017-11-14
5921,0,2,2015-05-06
5927,0,1,2015-05-06
5933,0,-1,2015-05-12
5937,0,1,2015-05-19
5936,0,446,2015-05-17
5935,0,10,2015-06-19
4604,0,1,2014-12-09
5934,0,3,2015-07-15
5939,0,2,2015-05-07
5938,0,2,2015-05-19
5900,0,1,2015-05-21
5904,0,11,2015-05-07
5903,0,1,2015-05-17
5902,0,1,2015-05-21
5901,0,4,2015-05-09
5908,0,468,2017-06-09
5907,0,2,2015-05-08
5906,0,152,2015-12-07
5905,0,3,2015-05-13
5910,0,8,2015-05-06
90,1,-1,2015-05-10
4209,1,3,2017-10-23
4210,1,3,2017-10-22
4212,1,11,2017-10-23
4211,1,2,2017-10-19
4214,1,29,2017-10-26
4213,1,20,2017-10-23
81,1,-1,2015-05-04
4216,1,1,2017-10-26
4215,1,-1,2017-11-30
4218,1,2,2017-10-27
4217,1,11,2017-11-02
4219,1,4,2017-11-13
71,1,-1,2015-03-31
72,1,-1,2015-05-02
73,1,-1,2015-05-02
74,1,-1,2015-05-02
4220,1,19,2017-12-04
57,1,5,2015-03-01
58,1,6,2015-05-16
59,1,10,2015-03-21
60,1,3,2015-04-26
61,1,4,2015-05-09
62,1,-1,2015-04-30
46,1,-1,2015-04-27
47,1,-1,2015-04-27
52,1,-1,2015-05-01
54,1,5,2015-02-28
55,1,1,2015-02-28
56,1,4,2015-03-14
4249,1,1,2017-11-06
43,1,-1,2015-12-30
4250,1,4,2017-11-04
44,1,-1,2015-04-27
45,1,-1,2015-04-27
4251,1,6,2017-11-02
4253,1,-1,2017-10-31
4261,1,-1,2017-11-01
4263,1,-1,2017-12-06
4262,1,-1,2017-11-01
4265,1,-1,2017-12-06
4264,1,-1,2017-12-06
4267,1,-1,2017-12-06
4266,1,-1,2017-12-06
4268,1,-1,2017-12-06
2060,0,-1,2013-08-01
2063,0,-1,2013-01-18
3395,0,-1,2014-09-09
2064,0,-1,2013-01-28
2061,0,-1,2012-12-12
2062,0,-1,2013-01-15
2056,0,-1,2013-07-14
2057,0,-1,2013-07-17
3385,0,-1,2014-12-06
2054,0,-1,2013-07-05
3386,0,-1,2015-02-09
2055,0,-1,2013-07-05
2058,0,-1,2013-07-29
2059,0,-1,2013-08-01
2070,0,-1,2013-02-08
2071,0,-1,2013-02-16
2074,0,-1,2013-03-06
2075,0,-1,2013-03-09
2072,0,-1,2013-03-03
2073,0,-1,2013-03-05
3398,0,-1,2014-08-24
2067,0,-1,2013-01-31
2068,0,-1,2013-01-31
3396,0,-1,2014-10-21
2065,0,-1,2013-01-30
3397,0,20,2014-08-24
2066,0,-1,2013-01-31
2069,0,-1,2013-02-04
2041,0,-1,2013-05-24
2042,0,-1,2013-05-26
2040,0,-1,2013-05-24
3365,0,-1,2014-12-15
2034,0,-1,2013-05-16
3366,0,-1,2014-11-10
2035,0,-1,2013-05-17
2032,0,-1,2013-05-16
3364,0,10,2014-08-22
2033,0,-1,2013-05-16
2038,0,-1,2013-05-21
2039,0,-1,2013-05-22
3367,0,6,2014-09-09
2036,0,-1,2013-05-17
2037,0,-1,2013-05-18
3380,0,-1,2014-11-10
2052,0,-1,2013-07-05
2053,0,-1,2013-07-05
2050,0,-1,2013-07-04
2051,0,-1,2013-07-05
2045,0,-1,2013-06-19
2046,0,-1,2013-07-01
2043,0,-1,2013-05-26
3375,0,-1,2014-09-29
2044,0,-1,2013-05-31
2049,0,-1,2013-07-04
2047,0,-1,2013-07-03
2048,0,-1,2013-07-03
2098,0,-1,2013-04-14
2099,0,-1,2013-04-24
2081,0,-1,2013-03-17
2082,0,-1,2013-03-17
2080,0,-1,2013-03-17
2085,0,-1,2013-03-19
2086,0,-1,2013-03-19
2083,0,-1,2013-03-18
2084,0,-1,2013-03-19
19,0,-1,2013-06-19
2078,0,-1,2013-03-17
2079,0,-1,2013-03-17
2076,0,-1,2013-03-10
2077,0,-1,2013-03-17
24,0,123,2013-04-22
25,0,61,2013-04-22
2092,0,-1,2013-04-06
2093,0,-1,2013-04-09
2090,0,-1,2013-04-05
2091,0,-1,2013-04-06
2096,0,-1,2013-04-12
27,0,23,2013-04-22
2097,0,-1,2013-04-13
28,0,23,2013-04-22
2094,0,-1,2013-04-09
29,0,23,2013-04-22
2095,0,-1,2013-04-10
2089,0,-1,2013-04-01
2087,0,-1,2013-03-23
2088,0,-1,2013-03-30
34,0,18,2013-04-22
35,0,12,2013-04-22
36,0,7,2013-04-22
37,0,13,2013-05-15
30,0,24,2013-04-22
31,0,12,2013-04-22
32,0,12,2013-04-26
33,0,10,2013-04-22
38,0,84,2013-05-07
39,0,64,2013-04-22
4631,0,4,2014-12-25
4630,0,-1,2015-02-18
5966,0,-1,2015-06-12
5965,0,-1,2015-11-13
4634,0,-1,2015-02-18
5964,0,4,2015-05-24
4633,0,-1,2014-12-25
5963,0,1,2015-05-07
4632,0,-1,2015-02-18
4639,0,6,2014-12-14
4638,0,-1,2015-03-19
5968,0,-1,2015-06-12
5967,0,4,2015-05-31
40,0,10,2013-04-22
45,0,59,2013-05-11
46,0,59,2013-05-11
47,0,59,2013-05-11
48,0,59,2013-05-11
41,0,10,2013-04-30
42,0,58,2013-10-13
44,0,59,2013-05-11
49,0,3,2013-05-13
4642,0,-1,2015-03-20
4641,0,3,2014-12-28
4640,0,9,2014-12-18
4645,0,-1,2015-02-21
4643,0,-1,2015-03-20
4649,0,-1,2015-01-16
4648,0,-1,2015-03-23
50,0,-1,2013-08-07
51,0,-1,2013-08-07
56,0,-1,2013-04-29
57,0,-1,2013-04-29
58,0,-1,2013-04-29
59,0,102,2013-05-09
52,0,2,2013-05-13
53,0,11,2013-05-11
54,0,3,2013-05-13
55,0,57,2013-05-17
60,0,151,2014-01-11
4619,0,5,2014-12-01
67,0,58,2013-06-02
64,0,145,2014-06-16
5951,0,2,2015-05-11
5950,0,9,2015-05-09
5955,0,1,2015-05-14
4624,0,1,2015-02-28
4623,0,8,2015-02-28
4622,0,2,2014-12-16
4628,0,-1,2015-03-12
71,0,57,2013-05-16
5956,0,-1,2015-05-23
4625,0,1,2015-04-02
4629,0,-1,2015-03-18
2020,0,-1,2013-07-08
3343,0,1,2014-09-02
4674,0,17,2015-01-21
3341,0,10,2014-09-10
4673,0,7,2015-01-09
4672,0,5,2015-01-05
2017,0,-1,2016-11-18
2018,0,-1,2014-09-21
2019,0,-1,2013-07-07
87,0,50,2013-10-12
2030,0,-1,2013-05-16
4693,0,-1,2015-01-09
2031,0,-1,2013-05-16
2023,0,-1,2013-05-14
2024,0,-1,2013-05-15
2021,0,-1,2013-07-22
4684,0,7,2015-01-05
2022,0,-1,2013-05-14
4683,0,-1,2015-02-03
3358,0,1,2014-08-19
2027,0,-1,2013-05-16
2028,0,-1,2013-05-16
4689,0,-1,2015-12-03
2025,0,-1,2013-05-16
2026,0,-1,2013-05-16
2029,0,-1,2013-05-16
90,0,31,2013-05-18
91,0,64,2013-05-28
4653,0,7,2015-03-21
4652,0,30,2015-03-10
4651,0,-1,2015-02-21
4650,0,5,2015-03-05
4656,0,2,2015-03-01
3323,0,-1,2014-12-28
4655,0,-1,2015-05-22
3324,0,-1,2014-12-26
4654,0,7,2015-03-21
3327,0,351,2014-09-27
4659,0,-1,2014-12-23
4658,0,-1,2015-03-26
4671,0,7,2015-01-05
4670,0,9,2015-01-09
3332,0,-1,2015-01-01
2002,0,-1,2014-04-08
3330,0,2,2014-10-04
4668,0,1,2015-01-07
4667,0,9,2015-01-05
4666,0,10,2015-01-05
4665,0,-1,2015-01-02
4669,0,7,2015-01-05
4155,1,1,2017-10-02
4168,1,-1,2017-10-14
4169,1,20,2017-10-31
4171,1,47,2017-10-23
4170,1,-1,2017-11-14
4173,1,7,2017-10-16
4172,1,10,2017-10-10
4175,1,20,2017-11-20
4174,1,38,2017-12-11
4177,1,9,2017-11-15
4176,1,16,2017-11-28
4179,1,21,2017-11-07
4178,1,7,2017-10-16
4180,1,-1,2017-11-17
4182,1,-1,2017-10-10
4181,1,-1,2017-10-10
4184,1,-1,2017-11-19
4183,1,-1,2017-10-10
4186,1,16,2017-10-14
4185,1,-1,2017-11-21
4100,1,-1,2017-09-12
4102,1,18,2017-11-17
4101,1,2,2017-09-16
4104,1,1,2017-10-03
4103,1,-1,2017-10-31
4106,1,-1,2017-11-02
4105,1,8,2017-09-26
4108,1,1,2017-09-20
4107,1,4,2017-09-17
4135,1,26,2017-09-19
4137,1,-1,2017-11-05
4136,1,1,2017-09-19
4139,1,1,2017-09-22
4140,1,2,2017-10-14
4142,1,-1,2017-11-08
4141,1,3,2017-09-25
4144,1,-1,2017-11-11
4143,1,1,2017-09-26
4145,1,21,2017-09-28
3270,0,-1,2014-08-21
3273,0,-1,2014-12-29
3274,0,-1,2014-12-25
3271,0,-1,2014-11-04
3272,0,4,2014-08-15
3267,0,1,2014-08-15
4596,0,-1,2014-12-20
4595,0,-1,2015-02-13
3268,0,-1,2014-08-15
3269,0,-1,2014-12-12
3275,0,6,2014-08-15
3279,0,-1,2014-12-26
3248,0,1,2014-08-17
3249,0,2,2014-08-24
3246,0,3,2014-08-13
3247,0,1,2014-08-17
3262,0,-1,2014-11-30
3260,0,-1,2014-08-13
3261,0,-1,2014-08-13
4520,0,-1,2014-12-03
5855,0,-1,2015-11-04
4529,0,-1,2015-03-09
5837,0,7,2015-05-06
5892,0,-1,2015-07-05
3230,0,-1,2014-08-07
4560,0,-1,2015-02-11
4554,0,-1,2015-01-03
4553,0,-1,2015-03-10
3220,0,-1,2014-09-03
5883,0,-1,2015-05-03
4558,0,-1,2014-12-04
3227,0,-1,2014-08-17
4557,0,34,2014-11-22
4556,0,29,2014-11-22
4555,0,32,2014-11-20
3228,0,8,2014-08-21
3229,0,1,2014-08-07
4559,0,-1,2015-03-10
5896,0,-1,2015-07-17
5895,0,4,2015-05-04
3231,0,22,2014-08-11
5894,0,-1,2015-08-08
3232,0,-1,2014-10-30
5893,0,1,2015-05-16
5899,0,1,2015-05-14
5898,0,1,2015-05-20
5897,0,5,2015-05-06
3239,0,3,2015-01-09
5870,0,-1,2015-06-27
4530,0,9,2014-12-07
5868,0,1,2015-06-15
4537,0,-1,2014-12-03
3211,0,-1,2014-12-22
5874,0,5,2015-05-08
5873,0,1,2015-06-03
5872,0,-1,2015-05-05
5871,0,7,2015-05-05
3215,0,-1,2014-09-03
3216,0,-1,2014-09-03
3213,0,-1,2014-10-29
3219,0,-1,2014-09-03
3217,0,-1,2014-09-03
3218,0,-1,2014-09-03
3183,1,4,2017-03-20
3185,1,-1,2017-06-26
3184,1,2,2017-03-20
3187,1,-1,2017-06-27
3186,1,-1,2017-06-26
3189,1,18,2017-03-23
3192,1,-1,2017-03-21
3191,1,2,2017-04-14
3194,1,5,2017-03-22
3193,1,18,2017-04-12
3196,1,58,2017-03-24
3195,1,16,2017-04-16
3198,1,1,2017-03-23
3197,1,-1,2017-06-29
3199,1,20,2017-03-25
998,0,-1,2013-12-08
993,0,-1,2014-05-02
990,0,-1,2014-06-24
3517,0,7,2014-09-09
3518,0,-1,2014-09-07
988,0,2,2014-02-06
989,0,-1,2014-04-17
985,0,-1,2014-04-30
4425,1,2,2018-01-22
4424,1,-1,2018-01-31
4427,1,1,2018-01-22
4426,1,3,2018-01-22
4429,1,10,2018-01-27
4428,1,-1,2018-02-01
4430,1,3,2018-01-23
4432,1,24,2018-01-24
4431,1,1,2018-01-24
3103,1,4,2017-02-28
4434,1,1,2018-01-26
4433,1,1,2018-01-26
4438,1,20,2018-01-30
4437,1,9,2018-01-28
4439,1,1,2018-01-30
4441,1,10,2018-02-04
4440,1,1,2018-01-31
4443,1,7,2018-02-03
4442,1,4,2018-02-03
3114,1,4,2017-02-28
4445,1,-1,2018-02-09
3113,1,18,2017-02-28
4444,1,10,2018-02-05
4446,1,1,2018-02-01
3118,1,11,2017-02-28
4449,1,1,2018-02-02
3119,1,19,2017-03-11
3121,1,7,2017-03-07
4452,1,-1,2018-02-11
3120,1,6,2017-03-13
4451,1,2,2018-02-04
3123,1,-1,2017-03-05
3125,1,1,2017-03-06
4456,1,-1,2018-02-06
3124,1,156,2017-11-18
4455,1,6,2018-02-05
3127,1,16,2017-03-06
4458,1,5,2018-02-07
3126,1,3,2017-03-06
4457,1,2,2018-02-06
3129,1,-1,2017-03-11
3128,1,1,2017-03-07
4459,1,13,2018-02-07
3130,1,5,2017-03-07
4461,1,7,2018-02-08
4460,1,-1,2018-02-11
3132,1,6,2017-03-11
3131,1,3,2017-03-07
4465,1,1,2018-02-09
3133,1,2,2017-03-08
4464,1,3,2018-02-08
4467,1,-1,2018-02-17
3138,1,27,2017-04-16
4469,1,1,2018-02-14
4468,1,8,2018-02-14
4470,1,8,2018-02-15
3141,1,1,2017-03-09
4472,1,1,2018-02-18
4471,1,8,2018-02-14
3143,1,1,2017-03-09
4474,1,5,2018-02-19
3142,1,11,2017-03-09
4473,1,5,2018-02-18
4476,1,1,2018-02-19
3144,1,10,2017-03-12
4475,1,3,2018-02-19
4478,1,-1,2018-02-23
4477,1,4,2018-02-21
3149,1,-1,2017-03-15
3148,1,5,2017-03-25
4479,1,-1,2018-02-24
3150,1,7,2017-03-13
4481,1,-1,2018-02-24
4480,1,-1,2018-02-24
4483,1,-1,2018-02-24
3151,1,1,2017-03-13
4482,1,3,2018-02-22
3154,1,6,2017-03-22
4485,1,-1,2018-02-23
3153,1,1,2017-03-14
4484,1,-1,2018-02-24
3156,1,8,2017-03-14
4487,1,-1,2018-02-26
4486,1,1,2018-02-25
3158,1,4,2017-03-16
3157,1,6,2017-03-19
3159,1,-1,2017-03-30
3167,1,1,2017-03-16
3169,1,7,2017-03-16
3168,1,-1,2017-09-11
3170,1,6,2017-03-28
3172,1,13,2017-04-25
3174,1,1,2017-03-19
3173,1,-1,2017-11-21
3176,1,1,2017-03-21
3175,1,1,2017-03-19
3178,1,-1,2017-03-20
3177,1,-1,2017-05-27
2298,0,-1,2014-07-24
2299,0,4,2014-05-11
2283,0,-1,2014-04-28
2284,0,-1,2014-04-28
2282,0,-1,2014-08-20
2274,0,11,2014-05-29
2275,0,149,2014-04-27
2290,0,-1,2014-05-08
2291,0,-1,2014-05-08
2294,0,-1,2014-05-01
2292,0,1,2014-04-29
2293,0,-1,2014-04-29
2285,0,-1,2014-04-28
2289,0,-1,2014-05-06
4401,1,1,2018-01-09
4400,1,1,2018-01-09
4403,1,16,2018-01-09
4402,1,17,2018-01-09
4405,1,-1,2018-01-24
4404,1,1,2018-01-10
4407,1,-1,2018-01-24
4406,1,-1,2018-01-24
4409,1,-1,2018-01-24
4408,1,-1,2018-01-24
4410,1,-1,2018-01-24
4411,1,1,2018-01-12
4414,1,2,2018-01-15
4413,1,3,2018-01-15
4415,1,1,2018-01-16
4418,1,4,2018-01-17
4417,1,29,2018-01-17
4419,1,-1,2018-01-30
4421,1,8,2018-01-18
4420,1,-1,2018-01-30
4423,1,-1,2018-01-21
4422,1,-1,2018-01-31
4880,0,1,2015-01-20
2210,0,546,2014-07-03
3540,0,1,2014-09-07
2212,0,5,2014-04-16
3560,0,1,2014-09-20
4890,0,-1,2015-02-27
2221,0,-1,2014-08-13
3551,0,-1,2015-01-16
3556,0,-1,2015-01-17
2225,0,-1,2015-06-06
3557,0,-1,2014-09-09
2226,0,1,2014-07-08
4887,0,3,2015-01-24
2223,0,2,2014-07-26
4886,0,1,2015-01-24
3555,0,2,2014-11-08
2229,0,-1,2014-04-26
3558,0,-1,2014-09-20
2227,0,-1,2014-09-23
3559,0,-1,2014-09-16
2228,0,-1,2014-09-23
3520,0,-1,2014-12-23
3523,0,-1,2014-12-14
3524,0,-1,2014-12-14
3527,0,3,2014-11-06
3525,0,-1,2014-10-08
3526,0,-1,2015-05-19
3531,0,1,2014-09-25
3534,0,2,2014-09-14
3535,0,-1,2014-09-12
3532,0,-1,2014-09-12
3533,0,1,2014-09-12
3538,0,3,2014-11-07
3539,0,-1,2014-12-17
3536,0,-1,2014-09-06
3537,0,-1,2014-09-12
929,0,-1,2014-04-30
922,0,-1,2013-11-25
921,0,13,2013-12-05
919,0,-1,2013-11-29
911,0,-1,2014-03-02
910,0,-1,2014-04-29
2273,0,-1,2014-05-19
2270,0,682,2014-05-16
2271,0,-1,2015-06-12
2265,0,-1,2014-09-27
2267,0,-1,2014-05-18
2268,0,-1,2014-08-18
908,0,1,2013-11-22
904,0,1,2013-11-23
902,0,-1,2013-12-06
901,0,15,2013-12-02
2240,0,-1,2014-04-28
4895,0,4,2015-01-30
4894,0,1,2015-01-20
3564,0,8,2014-09-12
3561,0,1,2014-09-18
2230,0,7,2014-06-11
3562,0,18,2014-09-20
2236,0,-1,2014-06-14
2237,0,21,2014-04-23
3568,0,5,2014-09-11
2234,0,-1,2014-08-17
3565,0,2,2014-09-12
2239,0,-1,2014-10-01
2241,0,396,2014-04-26
2242,0,1,2014-04-28
2247,0,-1,2014-04-28
2245,0,-1,2014-06-15
2246,0,-1,2014-04-28
3060,1,12,2017-02-22
4391,1,20,2018-01-13
4390,1,-1,2018-01-20
3062,1,1,2017-02-17
4393,1,3,2018-01-14
3061,1,15,2017-02-19
3064,1,5,2017-03-02
3063,1,7,2017-05-18
4394,1,2,2018-01-10
3066,1,2,2017-02-20
4397,1,-1,2018-01-22
3065,1,4,2017-02-28
3068,1,-1,2017-03-02
4399,1,-1,2018-01-08
3067,1,-1,2017-02-20
4398,1,2,2018-01-08
3069,1,-1,2017-02-23
3071,1,2,2017-02-21
3070,1,-1,2017-05-08
3073,1,-1,2017-06-05
3072,1,1,2017-02-21
3075,1,11,2017-02-21
3074,1,-1,2017-05-08
3077,1,1,2017-02-22
3076,1,1,2017-03-01
3079,1,-1,2017-06-08
3078,1,1,2017-02-22
3080,1,1,2017-02-22
3082,1,4,2017-02-23
3081,1,1,2017-02-22
3084,1,12,2017-03-31
3083,1,18,2017-02-25
3086,1,7,2017-03-06
3085,1,7,2017-03-27
3088,1,-1,2017-03-02
3087,1,3,2017-03-04
3089,1,-1,2017-02-26
3091,1,8,2017-02-27
3090,1,5,2017-04-09
3093,1,31,2017-02-28
3092,1,-1,2017-06-12
4712,0,4,2015-01-08
4711,0,2,2015-01-10
4710,0,-1,2015-04-14
4715,0,4,2015-01-10
4714,0,4,2015-01-10
4713,0,5,2015-01-10
4719,0,-1,2015-02-03
4718,0,-1,2015-04-15
4717,0,1,2015-01-15
4723,0,6,2015-01-14
4722,0,3,2015-01-15
4721,0,2,2015-05-01
4720,0,-1,2015-01-09
4705,0,-1,2015-04-14
4704,0,-1,2015-01-18
4709,0,1,2015-01-14
4707,0,1,2015-01-22
4306,1,-1,2017-12-16
4305,1,-1,2017-11-16
4309,1,-1,2017-11-16
4311,1,2,2017-11-18
4310,1,16,2017-11-18
4313,1,1,2017-11-17
4312,1,3,2017-11-20
4319,1,1,2017-11-20
4318,1,2,2017-11-17
4320,1,-1,2017-12-18
4322,1,-1,2017-12-19
4326,1,-1,2017-12-20
4327,1,-1,2017-11-22
3000,1,23,2017-02-07
3002,1,27,2017-02-07
4333,1,6,2017-12-07
3001,1,8,2017-02-15
3004,1,-1,2017-02-19
4335,1,-1,2017-12-10
3003,1,27,2017-02-07
3006,1,5,2017-02-07
4337,1,3,2017-11-26
4336,1,2,2017-11-26
3008,1,4,2017-02-07
4339,1,-1,2017-11-27
3007,1,1,2017-02-13
4338,1,1,2017-11-26
3009,1,3,2017-02-17
4340,1,1,2017-11-28
4342,1,1,2017-11-29
3011,1,-1,2017-05-26
3010,1,-1,2017-02-19
4341,1,39,2018-02-03
3013,1,-1,2017-04-29
4344,1,-1,2017-12-25
3012,1,57,2017-02-19
4343,1,1,2017-11-29
3015,1,-1,2017-02-08
4346,1,-1,2017-12-25
3014,1,-1,2017-02-08
4345,1,-1,2017-12-25
3017,1,1,2017-02-08
4348,1,-1,2017-12-25
3016,1,1,2017-02-22
4347,1,-1,2017-12-25
3019,1,24,2017-03-19
3018,1,4,2017-02-08
4349,1,-1,2017-12-25
3020,1,4,2017-02-09
4351,1,2,2017-11-30
4350,1,1,2017-11-30
4353,1,1,2017-12-04
3022,1,-1,2017-05-30
3021,1,4,2017-02-13
4352,1,1,2017-12-01
3024,1,1,2017-02-09
4355,1,2,2017-12-05
3023,1,9,2017-02-09
4354,1,1,2017-12-04
3026,1,2,2017-02-10
4357,1,19,2017-12-30
3025,1,6,2017-02-11
4356,1,13,2017-12-23
3028,1,-1,2017-02-24
4359,1,1,2017-12-06
3027,1,26,2017-04-05
4358,1,10,2017-12-06
3029,1,6,2017-02-16
4360,1,2,2017-12-06
3031,1,1,2017-02-25
4362,1,1,2017-12-18
3030,1,2,2017-02-13
4361,1,1,2017-12-06
3033,1,1,2017-02-14
4364,1,2,2017-12-11
3032,1,2,2017-02-13
4363,1,13,2017-12-25
3035,1,-1,2017-02-14
4366,1,10,2017-12-30
3034,1,-1,2017-02-14
4365,1,1,2017-12-07
3037,1,-1,2017-06-02
3036,1,-1,2017-02-14
4367,1,-1,2018-01-01
3039,1,8,2017-02-15
3038,1,2,2017-02-15
4369,1,1,2017-12-11
3040,1,35,2017-04-16
4371,1,-1,2017-12-10
4370,1,5,2017-12-11
3042,1,2,2017-02-17
4373,1,1,2017-12-11
3041,1,1,2017-02-15
4372,1,1,2017-12-10
3044,1,1,2017-02-23
4375,1,-1,2017-12-12
3043,1,2,2017-02-15
4374,1,1,2017-12-11
3046,1,2,2017-02-15
4377,1,9,2017-12-15
3045,1,1,2017-02-15
4376,1,19,2018-01-05
3048,1,4,2017-02-16
4379,1,1,2017-12-15
3047,1,1,2017-02-15
4378,1,15,2017-12-13
3049,1,5,2017-02-18
4380,1,2,2017-12-15
3051,1,-1,2017-02-26
4382,1,1,2017-12-15
3050,1,1,2017-02-28
4381,1,3,2017-12-15
3053,1,1,2017-02-22
4384,1,1,2017-12-15
3052,1,1,2017-02-20
4383,1,1,2017-12-15
3055,1,10,2017-02-20
4386,1,4,2017-12-18
3054,1,2,2017-02-16
4385,1,3,2017-12-20
3057,1,5,2017-02-20
4388,1,1,2017-12-22
3056,1,7,2017-02-16
4387,1,2,2017-12-25
3059,1,1,2017-02-16
3058,1,1,2017-05-09
4389,1,1,2018-01-05
2177,0,-1,2014-09-21
2195,0,-1,2014-04-24
2194,0,-1,2014-04-20
2162,0,-1,2014-05-06
2160,0,12,2014-04-16
2161,0,-1,2014-07-09
2155,0,-1,2014-06-02
2153,0,4,2014-04-06
2154,0,-1,2014-07-07
2159,0,-1,2014-05-06
2158,0,-1,2014-05-06
2170,0,-1,2014-04-16
2173,0,5,2014-09-24
2171,0,1,2014-04-16
2166,0,-1,2014-04-16
3498,0,3,2014-08-29
2164,0,-1,2014-04-12
2165,0,-1,2014-04-08
2168,0,-1,2014-04-16
2169,0,-1,2014-04-16
2199,0,6,2014-07-28
2198,0,-1,2014-10-03
4300,1,3,2017-11-15
4302,1,-1,2017-11-15
4301,1,3,2017-11-15
4752,0,-1,2015-01-14
4750,0,1,2015-01-13
4756,0,10,2015-01-20
4755,0,-1,2015-04-06
4754,0,-1,2015-01-24
4758,0,5,2015-01-19
4757,0,1,2015-01-16
4770,0,3,2015-01-17
2100,0,-1,2013-04-24
4763,0,-1,2015-04-19
2101,0,-1,2013-04-29
4762,0,9,2015-01-17
2104,0,-1,2013-05-01
4767,0,-1,2015-04-13
2105,0,-1,2013-05-01
4766,0,2,2015-01-17
2102,0,-1,2013-04-30
4765,0,2,2015-01-21
2103,0,-1,2013-04-30
2108,0,-1,2013-05-11
2109,0,-1,2013-05-11
2106,0,-1,2013-05-02
4769,0,-1,2015-02-23
2107,0,-1,2013-05-11
4768,0,-1,2015-04-19
4734,0,1,2015-01-12
4732,0,1,2015-01-16
4731,0,1,2015-01-12
4737,0,4,2015-01-14
4736,0,-1,2015-01-12
4739,0,-1,2015-01-12
4741,0,-1,2015-02-18
4740,0,-1,2015-02-18
4745,0,-1,2015-02-12
3414,0,122,2014-08-27
4744,0,2,2015-02-06
4743,0,4,2015-01-31
4742,0,1,2015-01-14
4749,0,-1,2015-02-13
3415,0,1,2014-09-02
2133,0,8,2014-04-23
2134,0,-1,2014-07-02
2131,0,-1,2013-07-01
2132,0,-1,2013-05-16
2137,0,3,2014-04-02
2138,0,4,2014-03-31
2135,0,2,2014-04-04
2136,0,-1,2014-04-20
2139,0,4,2014-03-31
2151,0,-1,2014-08-04
2150,0,-1,2014-04-05
2143,0,2,2014-04-02
2149,0,-1,2014-04-11
2147,0,-1,2014-04-06
4781,0,3,2015-01-27
4780,0,4,2015-01-23
2111,0,-1,2013-05-12
2112,0,-1,2013-05-16
4772,0,1,2015-01-19
2110,0,-1,2013-05-11
4771,0,-1,2015-04-19
2115,0,-1,2013-03-19
4778,0,-1,2015-04-20
2116,0,-1,2013-03-31
4777,0,-1,2015-04-20
2113,0,-1,2013-06-23
4776,0,-1,2015-04-20
2114,0,-1,2013-06-30
2119,0,-1,2013-04-30
2117,0,-1,2013-04-14
2118,0,-1,2013-04-19
4779,0,1,2015-01-21
2130,0,-1,2013-06-30
4790,0,10,2015-01-19
2122,0,-1,2013-06-18
2123,0,-1,2013-06-25
4784,0,-1,2015-04-21
2120,0,-1,2013-05-07
4783,0,-1,2015-04-21
2121,0,-1,2013-05-24
2126,0,-1,2013-06-29
4789,0,1,2015-01-19
2127,0,-1,2013-06-29
4788,0,-1,2015-04-21
2124,0,-1,2013-06-28
4787,0,-1,2015-04-21
2125,0,-1,2013-06-28
4786,0,-1,2015-04-21
2128,0,-1,2013-06-29
2129,0,-1,2013-06-29
2413,0,2,2014-05-29
2416,0,6,2014-05-29
2414,0,-1,2014-05-31
2415,0,5,2014-05-29
2419,0,-1,2015-03-08
2420,0,-1,2014-10-31
2423,0,21,2014-06-17
2424,0,-1,2014-07-09
2421,0,-1,2014-10-31
2422,0,-1,2014-10-31
2427,0,1,2014-06-11
3758,0,8,2014-10-01
2425,0,-1,2014-10-15
2426,0,7,2014-06-03
1191,0,50,2014-03-27
1193,0,50,2014-03-27
1195,0,57,2017-01-14
1197,0,-1,2014-05-18
1196,0,8,2014-05-08
1199,0,-1,2013-12-23
1198,0,127,2014-03-27
1120,0,-1,2013-12-24
1127,0,-1,2013-12-19
2470,0,-1,2014-08-05
2471,0,-1,2014-10-28
2463,0,11,2014-06-13
2464,0,-1,2014-06-04
2467,0,-1,2014-06-04
2468,0,-1,2014-06-04
1137,0,3,2013-12-20
2465,0,1,2014-05-31
1136,0,-1,2013-12-10
2466,0,2,2014-06-13
2469,0,-1,2014-05-29
2430,0,-1,2014-07-06
2431,0,7,2014-06-12
2434,0,-1,2014-11-04
2432,0,5,2014-06-08
2433,0,-1,2014-05-28
3771,0,7,2014-10-01
1117,0,-1,2013-12-10
1116,0,-1,2014-05-11
1119,0,6,2013-12-16
1118,0,4,2013-12-16
2496,0,-1,2014-10-29
2494,0,6,2014-06-05
2495,0,-1,2014-10-29
1181,0,-1,2014-06-25
1184,0,-1,2013-12-23
1175,0,-1,2014-06-24
1174,0,-1,2014-06-24
1177,0,-1,2014-06-24
1178,0,-1,2014-03-22
2481,0,-1,2014-09-14
2482,0,-1,2014-09-14
2480,0,-1,2014-11-07
2474,0,-1,2014-06-12
2475,0,-1,2014-07-10
2472,0,-1,2014-06-01
2473,0,-1,2014-06-12
2478,0,-1,2014-06-06
1145,0,-1,2013-12-21
2476,0,-1,2014-06-12
2477,0,-1,2014-06-06
1149,0,-1,2014-11-10
2493,0,8,2014-06-05
2490,0,2,2014-06-03
2491,0,-1,2014-06-03
1153,0,3,2014-04-27
1152,0,8,2014-04-23
2483,0,3,2014-06-02
1154,0,1,2014-04-25
2484,0,-1,2014-10-28
2489,0,-1,2014-07-11
2487,0,1,2015-04-09
2488,0,-1,2014-06-07
4921,0,3,2015-01-26
4922,0,2,2015-01-22
4907,0,1,2015-01-22
4954,0,-1,2015-01-30
3622,0,4,2014-09-23
4953,0,1,2015-02-20
3623,0,9,2014-09-19
4952,0,-1,2015-01-30
3620,0,89,2014-10-24
3621,0,4,2014-09-16
3624,0,3,2014-09-18
4955,0,-1,2015-04-28
3633,0,2,2014-09-19
2300,0,-1,2014-07-24
2306,0,-1,2014-10-15
4969,0,-1,2015-02-02
2307,0,1,2014-05-06
2304,0,-1,2014-05-26
2305,0,-1,2014-05-10
2308,0,-1,2014-05-11
3639,0,-1,2016-08-20
2309,0,1,2014-05-01
4935,0,-1,2015-04-26
3612,0,2,2014-09-15
3610,0,-1,2014-09-16
4947,0,8,2015-01-31
4946,0,-1,2015-04-27
4945,0,2,2015-01-27
3613,0,-1,2014-11-28
4944,0,2,2015-02-02
3619,0,-1,2014-09-18
3618,0,-1,2014-10-04
1070,0,-1,2014-05-09
1072,0,7,2013-12-07
1074,0,-1,2015-03-03
1073,0,-1,2013-12-23
1064,0,-1,2014-05-09
1067,0,4,2013-12-04
1068,0,8,2014-06-04
2399,0,-1,2014-05-28
2331,0,-1,2017-04-14
2330,0,-1,2014-10-11
2335,0,-1,2014-05-10
1005,0,-1,2014-05-03
1004,0,-1,2014-05-03
1007,0,34,2013-12-16
2337,0,-1,2014-06-07
2350,0,1,2014-05-21
1010,0,-1,2013-12-14
2342,0,-1,2016-09-14
2343,0,-1,2014-05-12
3674,0,1,2015-02-12
1012,0,-1,2014-03-26
2340,0,1,2014-05-08
1011,0,3,2014-01-29
2341,0,2,2014-05-15
2346,0,1,2014-05-12
2347,0,4,2014-05-16
1016,0,3,2014-01-29
2344,0,-1,2014-06-19
3675,0,1,2014-10-20
1015,0,50,2017-02-19
2345,0,-1,2014-08-02
3676,0,-1,2015-01-15
2348,0,1,2014-05-13
2349,0,-1,2014-05-21
2310,0,1,2014-05-01
4971,0,6,2015-02-21
4970,0,-1,2015-01-30
4975,0,37,2015-03-01
3645,0,-1,2014-09-28
4974,0,9,2015-02-01
4973,0,-1,2015-02-15
2317,0,-1,2014-10-13
2315,0,-1,2014-05-08
2316,0,1,2014-05-04
3647,0,1,2014-09-22
2321,0,-1,2014-08-25
2324,0,-1,2013-04-03
4987,0,5,2015-02-04
2325,0,-1,2014-05-06
3656,0,1,2014-09-23
2322,0,-1,2014-10-18
3653,0,8,2014-09-22
2323,0,-1,2014-05-05
3654,0,-1,2015-01-18
2328,0,-1,2014-05-14
2329,0,1,2014-05-07
4989,0,-1,2015-05-01
2327,0,-1,2014-10-09
2382,0,1,2014-05-21
1052,0,8,2013-12-25
2380,0,6,2014-05-21
2375,0,-1,2014-05-24
2376,0,-1,2014-05-20
2373,0,-1,2014-05-23
1044,0,1,2013-12-15
2374,0,-1,2014-05-20
2379,0,-1,2014-05-20
1049,0,10,2013-12-03
2377,0,-1,2014-05-20
2378,0,2,2014-06-03
2390,0,-1,2014-10-21
1063,0,-1,2014-04-11
2386,0,-1,2014-07-29
1053,0,1,2013-12-05
2387,0,-1,2014-05-30
1056,0,8,2013-12-21
2384,0,-1,2014-05-27
1055,0,-1,2013-12-25
2385,0,2,2014-05-23
1058,0,-1,2013-12-18
1057,0,-1,2013-12-18
2388,0,1,2014-05-22
2389,0,9,2014-05-28
2360,0,-1,2014-05-15
2361,0,1,2014-05-15
1030,0,-1,2015-06-13
1021,0,185,2013-11-29
2353,0,-1,2014-08-03
2354,0,2,2014-05-15
3685,0,8,2014-09-25
1023,0,230,2015-07-18
2351,0,-1,2014-05-21
3682,0,3,2014-10-04
2352,0,2,2014-05-13
3683,0,3,2015-02-07
2357,0,-1,2014-05-17
3688,0,6,2014-09-27
1024,0,14,2013-12-05
2358,0,-1,2014-08-05
2355,0,1,2014-05-14
3686,0,1,2014-09-27
2356,0,1,2014-05-17
3687,0,-1,2014-12-06
2359,0,-1,2014-09-02
2371,0,10,2014-09-02
1041,0,-1,2014-04-09
2370,0,1,2014-05-19
1032,0,-1,2013-12-17
1031,0,-1,2014-11-02
2362,0,8,2014-06-13
1036,0,-1,2013-12-20
2368,0,24,2014-06-20
2369,0,24,2014-06-18
2367,0,-1,2014-09-17
4028,1,-1,2017-10-14
2615,0,4,2014-08-21
2618,0,-1,2014-11-03
2619,0,1,2014-06-11
2617,0,-1,2014-06-18
4045,1,-1,2017-08-22
4044,1,-1,2017-10-15
4047,1,13,2017-09-14
4046,1,1,2017-08-23
4049,1,1,2017-09-21
4048,1,45,2017-11-12
3929,0,-1,2014-10-13
4050,1,1,2017-08-26
4052,1,2,2017-08-25
4054,1,12,2017-09-05
3923,0,10,2014-10-08
3924,0,1,2014-10-08
4053,1,26,2017-10-26
4056,1,-1,2017-10-19
4058,1,6,2017-08-31
4057,1,-1,2017-09-19
3925,0,-1,2014-12-15
4059,1,1,2017-08-29
3926,0,6,2015-01-26
4061,1,2,2017-09-08
4060,1,1,2017-08-30
2600,0,-1,2014-08-09
4063,1,6,2017-09-01
4062,1,1,2017-09-01
4065,1,2,2017-09-06
2603,0,-1,2015-09-06
4064,1,-1,2017-09-24
2604,0,-1,2014-11-03
2601,0,-1,2014-08-09
2602,0,-1,2014-07-10
4069,1,2,2017-09-08
2607,0,41,2014-06-21
2608,0,-1,2014-09-20
2605,0,3,2014-06-18
2606,0,-1,2014-06-11
2651,0,5,2014-08-29
2654,0,-1,2014-11-13
2655,0,-1,2014-11-02
3986,0,2,2014-10-14
2652,0,3,2014-06-16
1326,0,2,2014-01-20
2659,0,8,2014-07-03
1328,0,5,2014-01-20
3987,0,-1,2014-10-14
1327,0,2,2014-01-20
2657,0,-1,2014-06-23
3988,0,5,2014-10-16
1329,0,4,2014-01-20
3992,0,-1,2015-01-12
2662,0,-1,2014-06-19
3993,0,-1,2015-01-12
4081,1,1,2017-09-06
1331,0,4,2014-01-20
3990,0,1,2014-10-13
1330,0,5,2014-01-20
2660,0,-1,2014-06-19
3991,0,-1,2014-10-13
4080,1,-1,2017-10-24
4083,1,-1,2017-09-08
1333,0,4,2014-01-21
2665,0,-1,2014-09-26
1332,0,5,2014-01-21
4082,1,-1,2017-10-24
4085,1,7,2017-09-07
1335,0,4,2014-01-21
2663,0,1,2014-06-17
3994,0,-1,2015-01-12
4084,1,1,2017-09-05
3995,0,-1,2014-11-16
4087,1,23,2017-09-05
4086,1,2,2017-09-09
4089,1,44,2017-09-08
2668,0,4,2014-08-27
4088,1,-1,2017-10-26
4092,1,1,2017-09-08
4091,1,5,2017-09-11
1300,0,-1,2014-02-14
2632,0,-1,2014-09-21
4094,1,-1,2017-10-28
2633,0,-1,2014-09-21
4093,1,-1,2017-10-28
4096,1,10,2017-09-24
1302,0,19,2014-06-19
2631,0,1,2014-09-21
4095,1,-1,2017-10-28
4098,1,-1,2017-10-28
2637,0,9,2014-06-16
4097,1,-1,2017-10-28
2634,0,-1,2014-06-11
4099,1,38,2017-12-06
2638,0,8,2014-06-16
2640,0,-1,2014-11-16
2643,0,-1,2014-11-06
2642,0,-1,2014-09-23
1315,0,11,2014-01-09
2645,0,-1,2014-07-20
1316,0,-1,2014-06-02
1318,0,3,2014-01-09
3909,0,1,2014-10-07
3901,0,-1,2014-10-09
3900,0,-1,2014-10-09
3905,0,-1,2014-10-09
3906,0,4,2014-10-09
3903,0,-1,2015-01-31
3904,0,5,2014-10-11
3910,0,-1,2014-10-10
3917,0,-1,2015-02-01
4005,1,1,2017-08-08
4004,1,7,2017-08-08
3915,0,2,2014-10-08
4007,1,3,2017-08-24
4006,1,1,2017-08-08
4009,1,1,2017-08-13
4008,1,1,2017-08-09
4010,1,-1,2017-09-06
4012,1,4,2017-08-11
4011,1,3,2017-08-12
4014,1,1,2017-08-15
4013,1,1,2017-08-14
4016,1,14,2017-08-18
4015,1,-1,2017-10-10
4017,1,1,2017-08-18
4021,1,8,2017-08-22
4023,1,1,2017-08-17
4022,1,8,2017-08-21
4025,1,-1,2017-10-13
4024,1,-1,2017-10-12
4027,1,-1,2017-10-13
4026,1,2,2017-08-20
1371,0,-1,2014-01-13
1370,0,-1,2014-04-09
1362,0,4,2014-01-22
1364,0,4,2014-01-23
1363,0,4,2014-01-22
1366,0,-1,2014-04-27
1365,0,5,2014-01-23
1368,0,-1,2014-12-03
1367,0,-1,2014-07-28
1369,0,-1,2014-01-13
1380,0,-1,2014-07-14
1382,0,-1,2014-12-03
1381,0,1,2014-01-17
1373,0,1,2014-01-13
1374,0,-1,2014-06-06
2672,0,5,2014-06-20
2673,0,-1,2014-06-24
1342,0,2,2014-01-12
2670,0,-1,2014-06-18
2671,0,-1,2014-06-18
1344,0,-1,2014-12-02
2676,0,8,2014-06-25
1343,0,-1,2014-02-21
2677,0,6,2014-06-25
1346,0,-1,2014-05-08
1345,0,-1,2014-01-14
1348,0,-1,2014-02-05
1347,0,351,2014-01-16
1349,0,-1,2014-05-08
1360,0,52,2014-07-26
1351,0,-1,2014-06-05
1350,0,-1,2014-06-05
1353,0,-1,2014-04-24
1352,0,-1,2014-06-05
1355,0,-1,2014-04-16
1354,0,-1,2014-06-05
1357,0,-1,2014-07-27
1356,0,-1,2014-01-18
1358,0,165,2014-02-03
1391,0,1,2014-08-19
1384,0,-1,2014-12-03
1383,0,-1,2014-12-03
1386,0,9,2014-01-27
1385,0,-1,2014-01-17
1388,0,-1,2014-05-09
1387,0,-1,2014-05-09
1399,0,-1,2014-01-18
1398,0,-1,2014-07-31
3825,0,-1,2015-01-31
3826,0,1,2014-09-30
2501,0,8,2014-06-09
3832,0,-1,2014-11-07
3835,0,-1,2015-04-23
3836,0,-1,2014-10-06
3833,0,150,2015-02-01
2508,0,6,2014-06-06
2506,0,-1,2014-06-11
3809,0,-1,2015-01-25
3802,0,10,2014-10-04
3803,0,13,2014-10-08
3801,0,8,2014-10-02
3804,0,29,2014-10-14
3810,0,-1,2015-01-31
3813,0,7,2014-09-29
1200,0,15,2013-12-23
3865,0,6,2014-10-11
1203,0,4,2013-12-24
2537,0,-1,2014-09-16
1204,0,-1,2014-03-22
1207,0,13,2013-12-24
3866,0,9,2014-10-13
1206,0,50,2014-03-28
3867,0,2,2014-10-05
1209,0,17,2013-12-18
1210,0,-1,2014-03-16
3875,0,-1,2015-02-05
3876,0,-1,2015-02-05
3873,0,-1,2015-02-05
3874,0,1,2014-10-06
2548,0,-1,2014-10-12
3879,0,-1,2015-01-06
1218,0,7,2013-12-24
3877,0,217,2014-10-10
1217,0,-1,2014-02-05
3847,0,-1,2015-02-03
3853,0,-1,2015-01-26
3854,0,-1,2015-01-28
3858,0,4,2014-10-03
3859,0,10,2014-10-19
2574,0,-1,2014-06-07
1245,0,-1,2014-02-07
3890,0,1,2014-10-15
2551,0,1,2014-06-07
3882,0,-1,2015-02-05
2552,0,-1,2014-06-09
2550,0,-1,2014-06-06
3887,0,-1,2014-10-06
3884,0,8,2014-12-11
1224,0,16,2013-12-25
3885,0,9,2014-12-15
3888,0,1,2014-11-13
3889,0,1,2014-11-15
1230,0,-1,2014-05-20
1232,0,-1,2014-01-14
3891,0,2,2014-10-07
1231,0,-1,2014-02-06
3899,0,-1,2014-10-09
1239,0,-1,2014-02-02
1290,0,3,2014-01-23
1294,0,-1,2014-05-24
1289,0,-1,2014-05-22
1296,0,-1,2014-11-23
1295,0,-1,2014-02-28
1298,0,-1,2015-03-20
1297,0,-1,2014-11-23
1299,0,-1,2015-03-11
1272,0,-1,2013-12-30
1271,0,59,2014-04-07
2595,0,-1,2014-11-01
2596,0,7,2014-11-25
2599,0,-1,2014-08-09
1269,0,163,2013-12-26
2597,0,1,2014-08-09
1268,0,363,2013-12-26
2598,0,-1,2014-07-14
1521,0,-1,2014-06-13
2852,0,-1,2014-09-03
1522,0,-1,2014-05-17
2853,0,-1,2014-09-03
2850,0,-1,2014-09-03
1520,0,-1,2014-06-13
2851,0,-1,2014-08-20
2856,0,6,2014-07-18
1523,0,-1,2015-02-02
2854,0,-1,2014-09-03
1524,0,-1,2014-05-17
2855,0,-1,2014-08-21
1527,0,-1,2014-07-28
2858,0,4,2014-08-20
1528,0,50,2014-04-23
2860,0,5,2014-07-26
1533,0,8,2014-02-06
2864,0,4,2014-08-11
1530,0,1,2014-01-27
1536,0,1,2014-01-31
2867,0,-1,2014-11-11
1537,0,-1,2014-01-31
2868,0,-1,2014-11-30
2865,0,-1,2014-11-10
1535,0,-1,2014-02-16
2866,0,1,2014-09-08
2869,0,6,2014-07-19
1509,0,-1,2014-02-08
2830,0,-1,2014-07-15
1500,0,-1,2014-06-11
2831,0,-1,2014-07-13
2834,0,-1,2014-09-11
2835,0,-1,2014-07-13
2832,0,-1,2014-07-15
2833,0,4,2014-07-15
1507,0,-1,2014-02-04
2838,0,8,2014-07-18
1508,0,-1,2014-02-12
2839,0,-1,2014-07-24
1505,0,1,2014-01-31
2836,0,-1,2014-07-13
1506,0,10,2014-02-04
2837,0,-1,2014-08-10
2841,0,-1,2014-07-24
2842,0,-1,2014-07-24
2840,0,-1,2014-07-14
2845,0,9,2014-07-16
2846,0,9,2014-07-31
2843,0,5,2014-07-16
2844,0,1,2014-07-14
1518,0,-1,2014-01-24
2849,0,10,2014-08-16
1519,0,-1,2014-01-24
2847,0,1,2014-07-15
1517,0,2,2014-03-21
2848,0,1,2014-08-20
2891,0,-1,2014-12-06
1575,0,-1,2014-03-04
2870,0,8,2014-07-19
1540,0,-1,2014-01-29
2871,0,8,2014-07-19
1543,0,-1,2014-02-12
1541,0,8,2014-02-02
1542,0,8,2014-02-06
2885,0,-1,2014-12-04
1175,1,-1,2016-03-24
1184,1,7,2016-01-19
1185,1,14,2016-03-18
1198,1,-1,2016-05-20
1199,1,3,2016-01-21
2819,0,7,2014-07-14
2829,0,-1,2014-07-13
2820,0,-1,2014-08-07
2823,0,-1,2014-08-07
2824,0,3,2014-07-28
2821,0,5,2014-07-19
2822,0,1,2014-12-06
2827,0,1,2014-07-12
2828,0,-1,2014-07-10
2825,0,8,2014-07-12
2826,0,2,2014-07-12
2807,0,-1,2014-07-11
2801,0,2,2014-07-12
2800,0,-1,2014-07-18
2805,0,-1,2014-12-04
2806,0,-1,2014-07-13
2803,0,2,2014-07-10
2804,0,1,2014-07-10
2402,1,5,2016-10-23
2405,1,2,2016-10-15
2406,1,48,2016-10-11
2407,1,3,2016-12-10
2409,1,-1,2016-10-31
2410,1,26,2016-10-31
2411,1,-1,2017-02-04
2413,1,98,2017-05-20
3745,1,1,2017-06-24
2414,1,-1,2016-11-21
3744,1,9,2017-06-27
2415,1,10,2016-10-17
3747,1,4,2017-06-23
2416,1,10,2016-10-17
3746,1,-1,2017-09-01
2417,1,8,2016-10-17
2418,1,4,2016-10-17
3748,1,1,2017-06-21
997,1,-1,2016-01-24
996,1,-1,2016-01-24
999,1,-1,2016-01-24
998,1,-1,2016-01-24
990,1,3,2015-12-05
993,1,-1,2016-01-24
992,1,-1,2015-11-17
995,1,-1,2016-01-24
994,1,-1,2016-01-24
3751,1,4,2017-06-21
3758,1,-1,2017-09-01
2427,1,2,2016-11-10
3757,1,-1,2017-09-01
2428,1,47,2017-01-16
2429,1,5,2016-10-28
3761,1,-1,2017-07-07
2430,1,4,2016-10-26
2431,1,29,2016-10-23
3763,1,-1,2017-09-01
3762,1,-1,2017-09-01
3765,1,-1,2017-09-01
3764,1,1,2017-06-21
3769,1,-1,2017-09-02
3770,1,-1,2017-09-02
2440,1,19,2016-10-22
3772,1,-1,2017-07-03
1110,1,4,2015-12-09
2441,1,14,2016-10-22
3771,1,-1,2017-07-03
2442,1,8,2016-11-01
3774,1,28,2017-07-03
2443,1,70,2016-12-05
2444,1,16,2016-10-23
3776,1,-1,2017-08-21
3775,1,63,2017-11-04
1115,1,3,2015-12-07
2447,1,17,2016-12-15
3777,1,65,2017-07-06
2448,1,-1,2016-10-13
2449,1,29,2016-10-27
3779,1,-1,2017-06-26
2450,1,71,2016-10-27
3780,1,13,2017-07-31
2451,1,24,2016-10-25
2454,1,19,2016-10-27
2455,1,4,2016-10-25
2456,1,3,2016-10-25
1129,1,-1,2016-05-05
1135,1,8,2015-12-30
1136,1,-1,2016-07-31
1137,1,188,2015-12-21
1140,1,23,2016-01-17
2471,1,-1,2016-11-30
2472,1,-1,2016-11-30
1142,1,-1,2016-03-01
1143,1,5,2016-01-21
2476,1,-1,2016-11-30
1147,1,20,2016-01-11
2478,1,-1,2016-12-01
2479,1,-1,2016-12-01
2480,1,-1,2016-10-28
2481,1,-1,2016-12-01
2482,1,-1,2016-12-01
2483,1,50,2017-04-08
1153,1,6,2016-01-11
2484,1,6,2016-10-31
1154,1,7,2016-01-11
2485,1,-1,2016-12-02
1155,1,10,2016-01-11
2486,1,1,2016-10-31
1156,1,12,2016-01-29
1583,0,-1,2014-02-06
1584,0,-1,2014-02-03
3730,1,7,2017-06-22
1400,0,359,2014-01-14
2735,0,-1,2014-07-16
2736,0,1,2014-07-24
1408,0,-1,2014-06-07
2739,0,6,2014-06-22
2737,0,-1,2014-11-17
2738,0,1,2014-07-28
1411,0,-1,2014-04-27
2742,0,2,2014-06-29
2743,0,38,2014-11-05
2740,0,-1,2014-06-27
2741,0,-1,2014-06-27
2744,0,1,2014-08-22
2745,0,-1,2014-06-29
1418,0,-1,2014-02-12
2749,0,1,2014-06-24
2715,0,7,2014-06-19
2720,0,-1,2014-06-19
2722,0,-1,2014-06-19
2772,0,49,2014-10-26
2770,0,-1,2014-11-26
2775,0,-1,2014-11-18
1445,0,-1,2014-01-20
2776,0,-1,2014-08-26
2773,0,5,2014-07-04
2774,0,-1,2014-07-02
1448,0,-1,2014-01-18
2779,0,30,2014-07-03
1449,0,19,2014-01-16
1446,0,-1,2014-06-09
2777,0,-1,2014-07-17
1447,0,-1,2014-02-17
2778,0,7,2014-07-05
1451,0,-1,2014-01-20
2750,0,-1,2014-11-13
2753,0,-1,2014-11-20
1423,0,1,2014-01-23
2754,0,-1,2014-07-01
2751,0,1,2014-06-29
2752,0,-1,2014-10-26
1426,0,10,2014-01-15
1424,0,-1,2014-06-08
2755,0,3,2014-07-01
1425,0,-1,2014-07-22
2756,0,3,2014-06-26
2764,0,1,2014-06-26
2765,0,-1,2014-11-22
2762,0,-1,2014-11-15
2763,0,-1,2014-07-02
2768,0,1,2014-07-02
2769,0,6,2014-07-10
2767,0,27,2014-07-13
919,1,-1,2015-11-14
918,1,1,2015-11-08
920,1,-1,2015-11-14
922,1,-1,2015-11-14
921,1,-1,2015-11-14
924,1,118,2015-11-12
923,1,10,2015-11-06
926,1,172,2015-11-06
925,1,118,2015-11-12
2376,1,-1,2017-02-27
928,1,5,2015-11-07
927,1,4,2015-11-09
930,1,7,2015-11-11
1083,1,-1,2016-02-19
1084,1,3,2016-01-08
985,1,9,2015-11-23
987,1,24,2015-11-27
980,1,-1,2015-11-20
984,1,5,2015-11-20
979,1,-1,2016-04-25
3642,1,5,2017-07-23
2313,1,3,2016-09-27
3643,1,-1,2017-06-21
2314,1,-1,2017-02-18
2315,1,7,2016-10-05
2316,1,-1,2016-10-27
2317,1,15,2016-10-07
2318,1,16,2016-09-23
2319,1,2,2016-09-29
2320,1,19,2016-11-15
2321,1,18,2016-09-28
2323,1,-1,2016-09-26
1000,1,-1,2016-01-22
1001,1,-1,2016-01-24
1002,1,-1,2016-01-24
1003,1,-1,2016-01-24
1004,1,-1,2016-01-24
1005,1,-1,2016-01-24
2336,1,3,2016-09-30
1006,1,-1,2016-01-24
2337,1,6,2016-09-30
1007,1,-1,2016-01-24
2338,1,-1,2017-02-24
1008,1,-1,2015-11-17
1009,1,-1,2016-01-24
2340,1,13,2016-10-03
1010,1,-1,2016-01-24
2341,1,25,2016-11-20
2342,1,-1,2016-10-05
2343,1,18,2016-10-05
2344,1,26,2016-10-07
2345,1,8,2016-10-23
2346,1,5,2016-10-05
1018,1,9,2015-11-25
1020,1,-1,2015-12-07
1021,1,-1,2015-12-11
1022,1,17,2015-11-23
3691,1,96,2017-11-17
1491,0,-1,2014-05-13
1494,0,-1,2014-08-03
1499,0,-1,2014-05-14
1497,0,5,2014-05-04
2799,0,-1,2014-07-10
1480,0,-1,2014-03-09
1479,0,-1,2014-12-06
1763,0,1,2014-03-04
1764,0,-1,2014-03-03
1761,0,-1,2014-02-18
1762,0,13,2014-03-01
1774,0,2,2014-02-22
1778,0,-1,2014-03-07
1741,0,-1,2014-03-21
1745,0,-1,2014-02-16
1746,0,-1,2014-06-30
1747,0,-1,2014-06-30
1748,0,-1,2014-06-30
1750,0,-1,2014-06-02
1756,0,-1,2014-03-28
1757,0,-1,2014-03-22
1754,0,-1,2014-03-22
1755,0,-1,2014-03-22
1792,0,-1,2014-03-21
1799,0,2,2014-05-02
801,1,-1,2016-04-04
800,1,-1,2016-04-04
803,1,-1,2016-04-12
802,1,-1,2016-04-04
805,1,-1,2016-04-12
804,1,-1,2016-04-08
807,1,-1,2016-04-04
806,1,-1,2016-04-04
809,1,7,2015-10-30
808,1,2,2015-10-27
810,1,-1,2016-06-26
812,1,-1,2016-06-26
811,1,-1,2016-05-27
849,1,4,2015-11-12
1723,0,-1,2014-05-04
1721,0,-1,2014-03-07
1722,0,1,2014-02-15
1725,0,25,2014-07-23
1732,0,-1,2014-06-01
1709,0,-1,2014-05-03
865,1,3,2015-11-06
864,1,-1,2016-02-02
868,1,10,2015-11-05
1701,0,-1,2014-03-02
1700,0,-1,2014-03-19
1705,0,-1,2014-02-18
863,1,9,2015-11-12
1703,0,-1,2014-06-28
1704,0,-1,2014-02-18
1718,0,-1,2014-03-05
858,1,-1,2016-01-10
857,1,4,2015-11-09
1712,0,9,2014-02-14
1710,0,-1,2014-02-24
1711,0,-1,2014-02-12
2642,1,-1,2017-03-13
2643,1,1,2016-12-29
3973,1,2,2017-08-07
3980,1,-1,2017-09-04
3982,1,58,2017-08-12
2653,1,5,2016-12-12
2654,1,1,2016-12-20
2655,1,6,2017-01-05
2656,1,-1,2016-12-22
2657,1,12,2016-12-16
758,1,2,2015-10-15
2660,1,-1,2016-12-29
2661,1,-1,2017-01-06
788,1,-1,2016-06-24
1341,1,9,2016-02-27
786,1,-1,2015-10-24
785,1,8,2015-10-24
1343,1,-1,2016-09-21
1344,1,-1,2016-02-28
1345,1,-1,2016-02-28
1346,1,2,2016-03-09
1348,1,9,2016-03-29
1349,1,-1,2016-07-08
778,1,-1,2016-02-18
771,1,353,2017-05-10
770,1,-1,2016-05-26
2681,1,5,2016-12-27
1351,1,6,2016-03-03
2682,1,-1,2017-04-16
1352,1,-1,2016-04-01
772,1,3,2015-10-29
2683,1,1,2016-12-23
1353,1,3,2016-03-02
2684,1,-1,2017-03-18
1354,1,47,2016-03-20
2685,1,-1,2016-12-26
1355,1,14,2016-03-18
2686,1,6,2016-12-12
2687,1,-1,2017-03-18
2688,1,14,2017-01-07
1359,1,5,2016-03-05
2690,1,20,2016-12-12
1360,1,5,2016-03-07
2691,1,3,2016-12-12
1361,1,20,2016-03-13
1362,1,2,2016-03-13
1363,1,9,2016-03-21
1365,1,7,2016-03-13
1366,1,4,2016-03-14
799,1,-1,2016-04-04
798,1,-1,2016-04-04
793,1,6,2015-10-25
795,1,5,2015-10-24
797,1,2,2015-10-29
796,1,3,2015-10-29
3908,1,12,2017-07-26
3923,1,-1,2017-07-24
2600,1,1,2016-12-22
3934,1,1,2017-08-02
3933,1,1,2017-07-25
3936,1,8,2017-08-16
3935,1,1,2017-08-08
3938,1,1,2017-07-26
3937,1,4,2017-08-18
3941,1,21,2017-08-23
2610,1,-1,2017-01-20
3940,1,1,2017-07-26
3942,1,-1,2017-09-27
2613,1,34,2017-01-13
3945,1,-1,2017-09-27
3944,1,6,2017-07-27
3949,1,1,2017-07-27
3948,1,-1,2017-09-01
3950,1,-1,2017-09-27
3952,1,1,2017-07-27
3951,1,4,2017-08-14
3954,1,6,2017-07-28
3953,1,-1,2017-07-28
3956,1,8,2017-08-05
3955,1,-1,2017-09-02
3958,1,-1,2017-08-05
3959,1,8,2017-08-19
3961,1,1,2017-08-03
3960,1,3,2017-08-09
1300,1,8,2016-02-22
1301,1,6,2016-03-01
1302,1,-1,2016-05-16
3965,1,-1,2017-10-03
1303,1,3,2016-04-16
1304,1,-1,2016-05-16
3967,1,-1,2017-10-03
1305,1,3,2016-02-26
3966,1,-1,2017-10-03
2637,1,28,2017-03-30
3969,1,-1,2017-10-03
2638,1,-1,2016-12-20
3968,1,3,2017-10-01
3970,1,1,2017-08-20
3972,1,8,2017-08-11
2641,1,4,2016-12-12
1642,0,-1,2014-03-16
1643,0,-1,2014-02-09
1641,0,-1,2014-05-03
1646,0,2,2014-03-23
2978,0,1,2014-07-22
1644,0,10,2014-03-12
1645,0,-1,2014-03-16
1648,0,-1,2014-04-30
2979,0,2,2014-07-23
1649,0,2,2014-04-02
1650,0,12,2014-02-09
1654,0,1,2014-02-14
1652,0,11,2014-02-22
1655,0,1,2014-02-26
1656,0,-1,2014-08-18
2955,0,17,2014-07-23
1625,0,3,2014-07-12
2956,0,4,2014-07-21
1623,0,-1,2014-02-23
2959,0,6,2014-07-21
2957,0,3,2014-08-17
2958,0,1,2015-03-01
2960,0,7,2014-07-21
1635,0,-1,2014-02-15
2966,0,2,2014-07-23
2967,0,17,2014-08-03
1633,0,1,2014-03-02
1634,0,3,2014-02-21
1638,0,-1,2014-06-24
1687,0,-1,2014-02-23
1698,0,-1,2014-02-28
1696,0,65,2014-10-24
1699,0,-1,2014-03-19
2995,0,1,2014-07-24
1281,1,5,2016-02-15
1282,1,40,2016-03-08
1289,1,3,2016-03-02
1291,1,5,2016-02-18
1292,1,40,2016-03-11
1293,1,7,2016-02-18
1295,1,-1,2016-03-05
1296,1,-1,2016-03-05
1297,1,10,2016-02-26
1298,1,6,2016-02-24
1299,1,2,2016-03-03
702,1,-1,2015-10-07
701,1,10,2015-10-17
703,1,-1,2015-11-04
2939,0,-1,2014-08-06
2933,0,-1,2014-08-06
2934,0,8,2014-07-27
2937,0,8,2014-07-27
2938,0,10,2014-07-29
2935,0,8,2014-07-31
2936,0,2,2014-07-25
711,1,1,2015-10-09
713,1,-1,2016-03-26
712,1,-1,2016-01-22
2940,0,-1,2014-08-06
714,1,-1,2015-10-12
2941,0,9,2014-08-02
1613,0,-1,2014-08-04
2942,0,4,2014-07-23
2943,0,-1,2014-09-19
1617,0,24,2014-03-22
2948,0,3,2014-07-21
2949,0,4,2014-07-21
2947,0,2,2014-07-20
735,1,2,2015-10-16
734,1,1,2015-10-16
737,1,1,2015-10-14
736,1,2,2015-10-18
3855,1,50,2017-07-24
2525,1,20,2016-11-06
3857,1,1,2017-07-11
2526,1,5,2016-11-13
3856,1,1,2017-07-11
3858,1,-1,2017-08-17
2528,1,-1,2017-03-22
2529,1,-1,2017-02-20
3862,1,4,2017-07-14
643,1,4,2015-09-25
1200,1,7,2016-01-23
2531,1,-1,2016-12-09
3861,1,3,2017-07-23
2532,1,29,2016-11-17
3864,1,3,2017-07-17
2533,1,1,2016-11-14
3863,1,2,2017-07-14
3866,1,4,2017-07-17
3865,1,3,2017-07-17
3868,1,12,2017-07-21
2537,1,3,2016-12-03
3867,1,-1,2017-09-09
2538,1,2,2016-11-27
3869,1,-1,2017-07-21
3871,1,-1,2017-07-17
3870,1,63,2017-07-23
3872,1,-1,2017-09-19
3875,1,7,2017-07-18
1213,1,-1,2016-06-03
3874,1,7,2017-07-18
3877,1,23,2017-07-19
3876,1,-1,2017-07-18
3879,1,1,2017-07-20
3878,1,1,2017-07-21
1219,1,-1,2016-01-25
3882,1,1,2017-07-21
3881,1,1,2017-07-24
3884,1,1,2017-07-24
2553,1,3,2016-11-26
3883,1,1,2017-07-24
2554,1,6,2016-11-20
3886,1,3,2017-07-24
2555,1,-1,2016-11-18
3885,1,1,2017-07-24
1225,1,8,2016-01-29
2556,1,-1,2016-11-10
3888,1,9,2017-07-24
3887,1,57,2017-09-16
2557,1,-1,2017-03-27
2558,1,1,2016-11-13
1228,1,-1,2016-03-24
2559,1,9,2016-11-14
656,1,1,2015-09-28
655,1,2,2015-09-28
657,1,-1,2015-10-02
650,1,12,2015-09-30
3891,1,1,2017-07-24
1230,1,-1,2016-03-25
652,1,3,2015-09-29
1231,1,-1,2016-02-10
651,1,5,2015-09-26
2562,1,1,2016-11-14
1232,1,-1,2016-08-04
654,1,9,2015-09-28
1233,1,6,2016-02-06
653,1,9,2015-09-28
1234,1,-1,2016-05-30
1235,1,6,2016-02-06
1236,1,3,2016-03-19
1237,1,7,2016-02-07
1238,1,20,2016-03-23
1239,1,6,2016-02-03
682,1,63,2015-09-30
685,1,-1,2015-10-12
2572,1,-1,2017-03-29
1243,1,-1,2016-06-18
687,1,-1,2016-01-06
1244,1,-1,2016-06-18
686,1,-1,2016-01-10
1245,1,6,2016-02-11
1246,1,2,2016-02-08
2586,1,-1,2016-12-07
2587,1,10,2017-01-05
2588,1,-1,2016-11-24
2589,1,40,2016-12-06
2590,1,91,2017-07-02
2596,1,-1,2016-11-24
2597,1,9,2016-11-24
2598,1,5,2016-11-28
2599,1,4,2016-12-16
3806,1,10,2017-07-06
3805,1,7,2017-07-16
3808,1,-1,2017-07-10
3807,1,-1,2017-07-16
3809,1,-1,2017-09-06
3811,1,1,2017-07-01
3813,1,5,2017-07-25
3817,1,4,2017-06-30
3816,1,11,2017-07-20
3819,1,-1,2017-08-25
3820,1,1,2017-06-30
3824,1,1,2017-07-04
3823,1,-1,2017-09-09
3826,1,2,2017-07-04
3825,1,1,2017-07-04
3828,1,6,2017-07-14
3827,1,10,2017-07-10
3829,1,5,2017-07-08
3831,1,30,2017-07-12
3830,1,-1,2017-09-10
3833,1,2,2017-07-06
3835,1,3,2017-07-05
3834,1,-1,2017-07-07
3837,1,-1,2017-07-09
3836,1,47,2017-07-07
3838,1,1,2017-07-06
3840,1,-1,2017-09-12
3842,1,1,2017-07-06
3841,1,-1,2017-09-12
3844,1,-1,2017-08-01
3843,1,-1,2017-08-13
3845,1,-1,2017-09-12
3848,1,3,2017-07-07
3849,1,2,2017-07-10
2090,1,12,2016-08-17
2091,1,1,2016-08-17
2092,1,-1,2016-09-04
2094,1,-1,2016-08-29
2095,1,10,2016-08-23
2096,1,-1,2016-08-29
2097,1,-1,2016-08-29
2098,1,-1,2016-08-29
2099,1,-1,2016-10-16
1991,0,-1,2014-07-27
1994,0,-1,2014-09-10
1996,0,-1,2014-03-30
1997,0,-1,2013-02-04
1929,0,83,2014-04-20
1927,0,1,2014-07-04
1928,0,-1,2014-05-24
3343,1,1,2017-05-01
1926,0,2,2014-03-18
3347,1,25,2017-05-26
2017,1,19,2016-08-18
1938,0,-1,2014-06-11
2018,1,6,2016-08-14
1939,0,-1,2014-04-12
2019,1,6,2016-08-16
2020,1,-1,2016-08-16
1930,0,-1,2014-03-27
2021,1,9,2016-08-14
1931,0,2,2014-03-25
2022,1,5,2016-08-07
2023,1,1,2016-08-08
1937,0,6,2014-04-11
2030,1,-1,2016-11-04
1900,0,-1,2014-04-10
2031,1,13,2016-08-10
2032,1,12,2016-08-20
2033,1,-1,2016-09-09
2034,1,16,2016-08-28
2035,1,-1,2016-08-22
1901,0,-1,2014-04-10
2036,1,-1,2016-08-22
2037,1,-1,2016-08-18
2038,1,113,2017-02-25
2039,1,2,2016-08-13
1916,0,280,2014-03-29
2040,1,5,2016-09-10
2041,1,18,2016-09-16
2042,1,-1,2016-09-28
2043,1,2,2016-08-13
2044,1,1,2016-08-15
2045,1,1,2016-08-13
2046,1,2,2016-08-13
2047,1,88,2016-09-07
2048,1,-1,2016-12-23
3379,1,-1,2017-05-09
3381,1,1,2017-05-02
3380,1,6,2017-07-08
3383,1,-1,2017-05-02
3382,1,1,2017-05-02
3385,1,-1,2017-07-15
3384,1,-1,2017-05-14
3387,1,1,2017-05-02
3390,1,-1,2017-06-11
1940,0,-1,2014-05-02
1945,0,-1,2014-06-27
1946,0,-1,2014-03-27
2080,1,13,2016-11-06
1950,0,-1,2014-07-26
1955,0,2,2014-03-25
1952,0,-1,2014-04-18
2088,1,7,2016-08-18
1958,0,-1,2014-04-12
1956,0,6,2014-03-25
1957,0,-1,2014-04-02
3301,1,-1,2017-06-12
3300,1,5,2017-04-27
3303,1,1,2017-04-25
3302,1,1,2017-04-25
3305,1,151,2017-05-19
3304,1,3,2017-04-25
3307,1,2,2017-04-26
3306,1,11,2017-04-28
3309,1,1,2017-04-26
3308,1,5,2017-05-04
3310,1,-1,2017-04-30
3312,1,1,2017-04-27
3311,1,-1,2017-04-26
3316,1,1,2017-05-01
3315,1,1,2017-05-03
3318,1,1,2017-05-04
3317,1,1,2017-04-28
3319,1,-1,2017-04-28
3321,1,-1,2017-06-09
3320,1,-1,2017-05-04
3323,1,2,2017-04-30
3322,1,-1,2017-05-12
3325,1,-1,2017-06-09
3324,1,-1,2017-04-28
3327,1,1,2017-04-29
3326,1,1,2017-04-28
3329,1,1,2017-05-01
3330,1,6,2017-05-01
3331,1,3,2017-05-15
1888,0,-1,2014-06-20
1889,0,-1,2013-07-17
1890,0,1,2014-06-30
1895,0,-1,2014-04-10
1896,0,-1,2014-04-16
1899,0,-1,2014-04-10
1897,0,-1,2014-04-10
1898,0,-1,2014-04-10
1862,0,-1,2014-03-12
1863,0,-1,2014-03-10
1860,0,-1,2012-04-25
1861,0,-1,2014-03-12
1866,0,10,2014-03-13
1864,0,-1,2014-03-12
1865,0,-1,2014-07-14
1871,0,-1,2014-09-08
3215,1,1,2017-03-29
1808,0,-1,2014-03-07
3214,1,4,2017-03-28
3217,1,22,2017-03-29
1806,0,9,2014-03-01
3216,1,1,2017-03-29
3219,1,-1,2017-03-30
3218,1,-1,2017-06-04
1800,0,-1,2014-08-31
3220,1,-1,2017-04-01
3222,1,36,2017-04-16
1804,0,-1,2014-03-02
3221,1,2,2017-03-30
3224,1,-1,2017-06-04
3223,1,1,2017-04-04
1803,0,-1,2014-03-10
3226,1,1,2017-04-03
3225,1,4,2017-04-25
3228,1,1,2017-04-03
3227,1,1,2017-04-03
3229,1,2,2017-04-07
3231,1,1,2017-04-03
3230,1,1,2017-04-03
3233,1,2,2017-04-04
3232,1,1,2017-04-04
3235,1,1,2017-04-04
3234,1,24,2017-04-04
3237,1,1,2017-04-04
3236,1,4,2017-04-04
3239,1,1,2017-04-04
3238,1,2,2017-04-10
3240,1,1,2017-04-06
3242,1,1,2017-04-05
3241,1,9,2017-04-12
3244,1,7,2017-04-11
3243,1,1,2017-04-05
3246,1,1,2017-04-05
3245,1,-1,2017-07-08
3248,1,1,2017-04-05
3247,1,9,2017-04-05
3249,1,2,2017-04-06
3251,1,1,2017-04-06
3250,1,5,2017-04-14
3253,1,1,2017-11-16
3252,1,1,2017-04-06
3255,1,-1,2017-04-15
3254,1,11,2017-04-11
3257,1,-1,2017-04-10
3256,1,-1,2017-04-10
3259,1,7,2017-04-10
3258,1,-1,2017-04-10
1841,0,-1,2014-03-08
3260,1,5,2017-04-16
3262,1,-1,2017-06-11
1844,0,-1,2014-03-08
3261,1,-1,2017-04-10
1845,0,-1,2014-03-09
3264,1,1,2017-04-10
1842,0,6,2014-09-16
3263,1,-1,2017-04-10
3266,1,4,2017-04-13
1848,0,-1,2014-03-11
3265,1,-1,2017-04-10
1849,0,-1,2014-05-08
3268,1,12,2017-04-11
1846,0,-1,2014-03-11
3267,1,5,2017-04-11
1847,0,16,2014-04-06
3269,1,4,2017-04-24
1852,0,-1,2014-03-11
3271,1,3,2017-06-07
3270,1,72,2017-04-18
1855,0,-1,2014-03-12
3273,1,-1,2017-07-13
1856,0,-1,2014-02-18
3272,1,-1,2017-07-13
3275,1,1,2017-05-01
1853,0,-1,2014-03-06
3274,1,11,2017-04-12
3277,1,2,2017-04-17
1859,0,-1,2014-03-01
3276,1,-1,2017-07-14
3279,1,-1,2017-06-03
1857,0,-1,2014-02-18
3278,1,4,2017-04-22
1858,0,-1,2014-02-18
1828,0,-1,2014-03-13
3280,1,1,2017-04-20
3282,1,-1,2017-07-18
3281,1,1,2017-04-20
3284,1,1,2017-04-21
1822,0,-1,2014-03-02
3283,1,1,2017-04-19
3286,1,-1,2017-04-23
3285,1,-1,2017-10-24
3288,1,1,2017-04-24
1826,0,-1,2014-06-13
3287,1,10,2017-05-06
1827,0,-1,2014-03-31
3289,1,1,2017-04-24
1825,0,-1,2014-03-18
3291,1,5,2017-04-30
3290,1,-1,2017-07-21
3293,1,9,2017-04-26
3292,1,-1,2017-04-30
3295,1,-1,2017-04-24
1833,0,765,2014-03-24
1834,0,-1,2014-03-08
3294,1,-1,2017-07-21
3297,1,1,2017-04-24
3296,1,-1,2017-07-21
3299,1,5,2017-04-27
1838,0,-1,2014-03-08
3298,1,8,2017-07-18
1836,0,1,2014-03-04
3200,1,-1,2017-06-30
3202,1,-1,2017-10-03
3201,1,2,2017-03-27
3204,1,-1,2017-03-27
3203,1,10,2017-03-27
3206,1,1,2017-03-28
3205,1,-1,2017-07-02
3208,1,1,2017-03-28
3207,1,-1,2017-06-16
3209,1,-1,2017-06-16
3211,1,3,2017-03-28
3210,1,13,2017-03-28
3213,1,1,2017-03-28
3212,1,1,2017-03-28
3583,1,-1,2017-08-27
3585,1,14,2017-06-16
3587,1,-1,2017-08-29
3586,1,-1,2017-07-26
3589,1,-1,2017-07-26
3588,1,-1,2017-08-29
3592,1,56,2017-06-19
3591,1,-1,2017-08-29
3594,1,7,2017-06-21
3593,1,32,2017-06-19
3500,1,1,2017-05-22
3503,1,1,2017-05-23
3502,1,1,2017-05-23
3505,1,-1,2017-08-11
3504,1,1,2017-05-23
3507,1,-1,2017-08-03
3506,1,8,2017-06-10
3508,1,-1,2017-07-26
3510,1,-1,2017-08-09
3512,1,60,2017-05-29
3511,1,-1,2017-08-11
3514,1,1,2017-05-23
3513,1,-1,2017-07-26
3516,1,4,2017-05-30
3515,1,1,2017-05-23
3518,1,1,2017-06-11
3517,1,3,2017-05-24
3519,1,-1,2017-08-12
3521,1,37,2017-05-29
3520,1,4,2017-05-26
3523,1,-1,2017-07-16
3522,1,-1,2017-08-15
3525,1,-1,2017-05-29
3524,1,5,2017-05-29
3534,1,2,2017-05-30
3535,1,1,2017-06-07
3538,1,1,2017-05-31
3537,1,1,2017-05-30
2209,1,1,2016-09-13
3539,1,32,2017-06-04
3541,1,4,2017-05-31
2210,1,145,2017-05-08
3540,1,30,2017-07-03
2211,1,14,2016-09-07
3543,1,44,2017-09-30
2212,1,18,2016-09-07
3542,1,4,2017-06-12
3545,1,1,2017-06-17
3547,1,-1,2017-06-08
2216,1,7,2016-09-11
3546,1,12,2017-06-13
2217,1,5,2016-09-14
3549,1,1,2017-06-06
2218,1,9,2016-09-12
3548,1,3,2017-06-06
2219,1,5,2016-09-20
3550,1,1,2017-06-06
2220,1,1,2016-09-16
3552,1,1,2017-06-06
2221,1,5,2016-09-16
3551,1,3,2017-06-10
3554,1,-1,2017-08-21
2223,1,5,2016-09-18
3553,1,20,2017-06-06
2224,1,-1,2016-09-30
3556,1,8,2017-06-12
2225,1,-1,2016-09-28
3555,1,-1,2017-06-12
2226,1,-1,2016-09-16
3558,1,-1,2017-08-23
3557,1,23,2017-06-08
3559,1,-1,2017-08-23
3561,1,6,2017-06-09
2230,1,2,2016-09-27
3560,1,-1,2017-08-23
2231,1,6,2016-09-19
3563,1,-1,2017-08-25
2232,1,2,2016-09-25
3562,1,1,2017-06-09
2233,1,4,2016-10-09
2234,1,2,2016-09-25
3564,1,1,2017-06-12
2235,1,5,2016-09-19
2236,1,42,2016-11-26
2237,1,6,2016-09-17
3462,1,10,2017-05-20
3464,1,-1,2017-05-16
3463,1,-1,2017-05-16
3466,1,-1,2017-05-16
3465,1,2,2017-06-02
3468,1,21,2017-06-26
3467,1,48,2017-05-16
2138,1,2,2016-09-01
3469,1,-1,2017-05-22
2140,1,-1,2016-11-09
3470,1,1,2017-05-16
2141,1,3,2016-09-06
2143,1,19,2016-09-10
3475,1,1,2017-05-17
3474,1,2,2017-05-31
2146,1,12,2016-08-29
3476,1,-1,2017-05-19
2147,1,60,2016-08-31
2148,1,12,2016-09-14
2149,1,-1,2016-11-12
2150,1,8,2016-09-02
2151,1,-1,2016-09-14
3486,1,6,2017-05-26
3485,1,6,2017-05-22
2156,1,20,2016-09-03
3488,1,2,2017-05-22
2157,1,-1,2016-10-15
3487,1,2,2017-05-26
3489,1,13,2017-05-20
3491,1,7,2017-05-28
3490,1,10,2017-05-22
3493,1,-1,2017-08-09
3495,1,-1,2017-08-09
3494,1,1,2017-05-19
3497,1,-1,2017-08-10
3496,1,24,2017-07-17
3499,1,-1,2017-08-10
3498,1,-1,2017-07-11
2172,1,5,2016-11-28
2173,1,-1,2016-09-07
2178,1,21,2016-09-07
2179,1,2,2016-09-17
2180,1,5,2016-09-07
3406,1,-1,2017-06-03
3419,1,1,2017-05-03
3420,1,2,2017-05-03
3422,1,1,2017-05-04
3426,1,1,2017-05-10
3425,1,1,2017-05-04
3427,1,6,2017-05-08
3429,1,2,2017-05-18
3431,1,-1,2017-06-07
2100,1,135,2017-03-27
3430,1,39,2017-05-09
3432,1,2,2017-05-08
3436,1,4,2017-05-08
3439,1,5,2017-06-14
3438,1,-1,2017-06-16
2109,1,6,2016-09-19
2110,1,1,2016-08-22
3442,1,2,2017-06-21
2111,1,4,2016-08-22
3441,1,1,2017-05-10
2112,1,-1,2016-11-06
3443,1,6,2017-05-11
2113,1,-1,2017-01-27
3446,1,11,2017-05-13
3448,1,-1,2017-05-20
3447,1,1,2017-05-14
3449,1,1,2017-05-14
3451,1,14,2017-05-23
3450,1,1,2017-05-15
3452,1,-1,2017-05-15
8166,0,3,2017-01-13
8140,0,-1,2016-12-09
8153,0,-1,2016-12-12
8185,0,-1,2017-01-05
8184,0,-1,2016-12-30
8187,0,1,2016-11-16
8186,0,-1,2017-01-10
8196,0,3,2016-11-22
8198,0,1,2016-11-24
8197,0,-1,2016-12-17
8119,0,5,2016-12-06
8127,0,3,2016-12-03
8103,0,7,2016-11-17
8111,0,14,2016-11-21
2,1,-1,2015-01-18
3,1,-1,2015-01-23
4,1,-1,2015-01-31
5,1,-1,2015-01-31
6,1,-1,2015-02-16
7,1,-1,2015-02-16
9,1,2,2015-02-03
1957,1,5,2016-08-07
1972,1,12,2016-08-01
1973,1,-1,2016-07-30
1976,1,23,2016-07-29
1977,1,94,2016-07-29
1982,1,9,2016-08-03
1984,1,3,2016-08-06
8059,0,3,2016-10-24
8058,0,3,2016-10-24
8019,0,2,2016-10-08
1900,1,-1,2016-10-09
1901,1,-1,2016-10-09
8035,0,8,2016-10-09
8036,0,7,2016-10-11
8082,0,-1,2017-01-11
8084,0,10,2016-12-07
8083,0,5,2016-11-16
8080,0,5,2016-11-07
8086,0,-1,2016-12-19
8085,0,8,2016-12-11
8095,0,7,2016-11-13
1924,1,44,2016-07-21
1925,1,62,2016-10-05
1926,1,24,2016-07-23
1927,1,-1,2016-10-22
1928,1,20,2016-07-20
1929,1,40,2016-07-20
1930,1,9,2016-07-23
8061,0,13,2016-11-01
1931,1,44,2016-08-02
1932,1,4,2016-08-02
1933,1,-1,2016-08-14
1934,1,70,2016-07-21
1935,1,27,2016-07-21
1936,1,1,2016-08-06
1937,1,-1,2017-01-06
1938,1,108,2017-04-25
1939,1,1,2016-07-25
8065,0,1,2017-01-29
8070,0,10,2016-11-09
8079,0,10,2016-11-29
8078,0,10,2016-11-25
8077,0,19,2016-11-17
8076,0,10,2016-11-13
8004,0,37,2016-09-28
8003,0,-1,2016-09-20
8007,0,-1,2016-12-03
1835,1,6,2016-07-11
1836,1,88,2016-07-11
1869,1,44,2016-07-11
1870,1,-1,2016-07-13
1871,1,55,2016-07-11
1872,1,183,2017-06-29
1873,1,-1,2016-07-12
1874,1,16,2016-07-12
1890,1,-1,2016-10-09
1891,1,-1,2016-10-09
1892,1,-1,2016-10-17
1893,1,-1,2016-10-09
1894,1,-1,2016-10-09
1895,1,-1,2016-10-09
1896,1,-1,2016-10-09
1897,1,-1,2016-10-09
1898,1,-1,2016-10-09
1899,1,-1,2016-10-09
7070,0,2,2015-10-31
7076,0,2,2015-10-26
8381,0,-1,2017-07-30
8380,0,-1,2017-05-21
7056,0,-1,2015-10-22
7058,0,-1,2016-03-18
8383,0,10,2017-05-11
8379,0,11,2017-05-22
8398,0,-1,2017-08-01
8397,0,-1,2017-05-09
8394,0,11,2017-05-15
7065,0,2,2015-10-25
7059,0,1,2015-10-27
8315,0,-1,2017-03-07
7000,0,7,2015-11-02
8332,0,9,2017-02-23
7001,0,5,2015-11-10
8331,0,4,2017-02-21
7002,0,5,2015-11-10
8334,0,-1,2017-02-25
7003,0,10,2015-11-12
8333,0,-1,2017-02-25
8330,0,10,2017-02-15
8329,0,10,2017-02-11
8328,0,-1,2017-03-07
8302,0,4,2017-02-27
8361,0,92,2017-05-10
8363,0,4,2017-05-01
8362,0,4,2017-05-07
7046,0,1,2015-11-16
8372,0,17,2017-05-04
8373,0,19,2017-05-04
8369,0,1,2017-05-02
8340,0,1,2017-02-06
7008,0,3,2015-10-30
8339,0,1,2017-03-07
7004,0,5,2015-11-12
7005,0,5,2015-10-21
8335,0,-1,2017-02-25
7006,0,16,2015-10-25
8338,0,7,2017-03-07
8337,0,1,2017-02-01
8356,0,-1,2016-02-28
8355,0,-1,2016-02-28
8351,0,62,2017-03-08
8347,0,3,2017-02-17
8349,0,2,2017-02-28
8289,0,2,2017-02-23
8263,0,-1,2017-02-15
8276,0,6,2017-02-19
8200,0,-1,2016-11-25
8201,0,37,2017-01-09
8210,0,2,2017-01-18
8204,0,-1,2016-11-30
8205,0,5,2016-12-05
8237,0,-1,2017-02-07
8236,0,1,2017-01-26
8250,0,-1,2017-02-11
8222,0,28,2016-12-20
8221,0,-1,2016-12-19
8223,0,-1,2017-02-09
8219,0,3,2016-12-19
8233,0,-1,2017-02-02
8235,0,11,2017-05-17
8234,0,20,2017-02-22
8230,0,3,2017-01-11
7291,0,1,2016-01-22
7292,0,-1,2016-08-26
7299,0,2,2016-01-14
2900,1,6,2017-03-03
2901,1,21,2017-02-23
2902,1,-1,2017-02-10
2903,1,23,2017-01-23
2904,1,25,2017-02-02
2905,1,19,2017-02-02
2906,1,-1,2017-02-08
2907,1,-1,2017-01-31
2908,1,3,2017-01-24
2909,1,6,2017-01-24
2910,1,5,2017-01-26
2911,1,1,2017-01-24
2912,1,1,2017-01-24
2913,1,-1,2017-05-18
2914,1,4,2017-06-26
2915,1,3,2017-01-25
2916,1,2,2017-01-27
2917,1,2,2017-01-26
2918,1,1,2017-01-26
2919,1,-1,2017-04-20
8563,0,4,2017-08-01
7232,0,2,2015-12-31
8562,0,2,2017-07-20
8565,0,6,2017-07-18
8564,0,1,2017-07-24
8561,0,2,2017-07-20
7230,0,2,2015-12-30
8560,0,2,2017-07-14
7229,0,15,2015-12-18
8559,0,1,2017-07-14
8556,0,-1,2017-08-01
8558,0,1,2017-07-13
8557,0,2,2017-08-22
8574,0,1,2017-07-20
8573,0,-1,2017-09-21
8570,0,48,2017-08-22
8572,0,41,2017-09-19
8571,0,-1,2017-09-21
8567,0,-1,2017-07-19
8566,0,2,2017-07-20
8569,0,-1,2017-09-21
8568,0,1,2017-07-21
7210,0,-1,2016-07-04
8540,0,4,2017-07-11
7211,0,7,2015-12-26
8543,0,1,2017-07-06
8538,0,1,2017-07-03
8537,0,-1,2017-06-29
7209,0,1,2015-12-18
8539,0,2,2017-07-05
7202,0,-1,2016-01-13
7203,0,-1,2016-02-26
7204,0,-1,2016-01-13
8536,0,1,2017-06-29
7205,0,13,2015-12-26
8549,0,8,2017-07-06
8548,0,-1,2017-07-05
7213,0,16,2015-12-20
7214,0,8,2015-12-27
8547,0,-1,2017-07-07
7270,0,-1,2016-01-07
7275,0,4,2016-01-11
7276,0,1,2016-01-17
7277,0,3,2016-01-19
7271,0,2,2016-01-07
7272,0,6,2016-01-09
7273,0,-1,2016-05-05
7274,0,2,2016-03-09
7280,0,-1,2016-08-21
7281,0,7,2016-01-12
7286,0,2,2016-01-17
7282,0,1,2016-01-14
7283,0,1,2016-01-16
7284,0,3,2016-01-17
7285,0,6,2016-01-17
7279,0,10,2016-01-16
7253,0,-1,2016-01-03
8584,0,-1,2017-08-19
8586,0,7,2017-08-08
8580,0,-1,2017-09-23
624,1,-1,2015-09-16
8578,0,-1,2017-09-23
8577,0,50,2017-07-27
8579,0,-1,2017-09-23
8590,0,-1,2017-08-30
7264,0,2,2016-01-05
8598,0,-1,2017-08-10
8597,0,1,2017-08-09
8592,0,2,2017-09-04
8591,0,-1,2017-08-31
7262,0,1,2016-01-05
8589,0,-1,2017-09-27
2884,1,18,2017-02-09
1553,1,5,2016-04-22
1554,1,101,2016-09-03
2885,1,-1,2017-05-16
2886,1,1,2017-01-22
1555,1,3,2016-04-16
2887,1,2,2017-01-24
1556,1,4,2016-04-16
2888,1,3,2017-01-22
1557,1,1,2016-04-16
2889,1,15,2017-04-20
1559,1,2,2016-05-27
2890,1,3,2017-01-20
2891,1,3,2017-01-20
1560,1,-1,2016-08-08
2892,1,8,2017-01-23
1561,1,-1,2016-06-21
2893,1,6,2017-01-23
1562,1,46,2016-07-10
2894,1,1,2017-01-23
1563,1,14,2016-04-24
2895,1,5,2017-01-23
2896,1,10,2017-01-23
2897,1,8,2017-01-23
2898,1,3,2017-01-23
2899,1,6,2017-01-29
8606,0,7,2017-08-27
515,1,14,2015-08-22
8605,0,2,2017-08-16
514,1,19,2015-08-14
8600,0,11,2017-09-19
517,1,1,2015-08-30
516,1,3,2015-08-14
8602,0,10,2017-08-16
8601,0,4,2017-08-30
540,1,10,2015-08-31
542,1,10,2015-08-31
541,1,-1,2015-08-31
543,1,9,2015-08-31
1589,1,-1,2016-08-17
535,1,9,2015-08-29
537,1,-1,2015-09-04
536,1,-1,2016-05-11
539,1,-1,2016-01-08
538,1,10,2015-08-29
1591,1,-1,2016-04-27
1593,1,7,2016-05-01
1594,1,9,2016-05-02
1595,1,-1,2016-05-06
1596,1,-1,2016-05-06
1597,1,9,2016-06-13
1598,1,-1,2016-05-02
1599,1,11,2016-05-02
7311,0,-1,2016-01-31
7305,0,2,2016-01-24
7306,0,37,2016-04-02
7307,0,29,2016-06-03
7308,0,59,2016-02-20
7301,0,1,2016-01-20
8633,0,8,2017-09-13
8632,0,1,2017-09-13
8634,0,8,2017-09-18
8651,0,32,2017-09-22
8653,0,-1,2017-10-03
8652,0,8,2017-09-29
7317,0,5,2016-01-29
7314,0,1,2016-01-23
8620,0,10,2017-09-04
8615,0,43,2017-08-30
8617,0,8,2017-09-09
8616,0,-1,2017-08-30
581,1,9,2015-09-14
583,1,8,2015-09-14
8619,0,6,2017-09-02
8631,0,-1,2017-10-29
7300,0,7,2016-01-18
8630,0,2,2017-10-02
8627,0,1,2017-09-05
8623,0,16,2017-09-08
572,1,-1,2015-09-18
8629,0,-1,2017-10-26
577,1,6,2015-09-14
2800,1,1,2017-01-06
2801,1,2,2017-01-09
2802,1,2,2017-01-03
2803,1,1,2017-02-12
2804,1,1,2017-01-04
2805,1,-1,2017-01-10
2806,1,-1,2017-05-04
2807,1,3,2017-01-04
2812,1,1,2017-01-05
2813,1,2,2017-01-07
2814,1,-1,2017-05-05
2815,1,1,2017-01-27
2816,1,1,2017-01-05
2822,1,1,2017-01-09
2823,1,2,2017-01-10
2824,1,2,2017-01-10
2825,1,4,2017-01-10
2826,1,4,2017-01-10
2827,1,4,2017-01-15
2828,1,1,2017-01-10
2829,1,2,2017-01-10
2830,1,1,2017-01-11
2831,1,1,2017-01-11
2832,1,8,2017-01-11
2833,1,-1,2017-01-11
2838,1,2,2017-01-11
2839,1,1,2017-01-11
2840,1,5,2017-01-13
2841,1,1,2017-01-11
2842,1,-1,2017-05-08
2843,1,4,2017-01-12
2844,1,8,2017-01-14
2846,1,1,2017-01-13
2847,1,1,2017-01-13
2848,1,6,2017-01-19
2849,1,-1,2017-01-17
2850,1,1,2017-01-13
2851,1,1,2017-01-16
2852,1,-1,2017-01-16
2853,1,6,2017-01-19
2854,1,5,2017-01-16
2855,1,1,2017-01-16
2856,1,1,2017-01-16
2857,1,18,2017-01-12
2858,1,69,2017-03-23
2859,1,4,2017-01-17
2860,1,2,2017-01-17
2861,1,1,2017-01-17
1531,1,4,2016-04-11
1534,1,6,2016-04-17
1535,1,-1,2016-04-13
2866,1,1,2017-01-17
1536,1,-1,2016-04-15
2867,1,44,2017-01-17
1537,1,101,2016-04-13
2868,1,44,2017-01-17
2869,1,1,2017-01-18
1539,1,98,2016-04-15
2870,1,1,2017-01-18
1540,1,-1,2016-04-13
2871,1,127,2017-09-18
1541,1,29,2016-04-17
2872,1,-1,2017-01-20
1542,1,-1,2016-04-09
2873,1,-1,2017-03-03
2874,1,-1,2017-01-18
1543,1,-1,2016-04-10
2875,1,-1,2017-03-29
1544,1,-1,2016-05-25
2876,1,1,2017-01-18
2877,1,1,2017-01-20
2878,1,1,2017-03-10
2879,1,-1,2017-01-21
1549,1,67,2016-04-14
2880,1,3,2017-01-21
2882,1,3,2017-01-23
1551,1,59,2016-05-01
2883,1,-1,2017-01-26
1552,1,59,2016-05-01
7192,0,3,2016-02-08
7193,0,3,2015-12-02
7194,0,2,2015-12-12
7195,0,1,2015-12-06
7172,0,1,2015-12-04
7187,0,10,2015-12-30
7188,0,2,2015-12-08
8441,0,17,2017-05-15
8443,0,1,2017-05-17
7122,0,1,2015-11-02
8452,0,7,2017-05-29
8451,0,12,2017-05-29
8450,0,66,2017-10-17
8446,0,-1,2017-08-12
8445,0,1,2017-05-25
8448,0,-1,2017-08-12
7117,0,-1,2015-10-28
8447,0,-1,2017-08-12
8422,0,-1,2017-08-05
8480,0,5,2017-06-13
8488,0,2,2017-06-13
7157,0,-1,2015-12-22
7148,0,1,2015-11-11
7149,0,12,2015-11-09
7160,0,2,2015-11-11
8497,0,1,2017-06-13
7166,0,2,2015-11-20
7134,0,1,2015-11-02
7135,0,1,2015-11-03
7129,0,1,2015-11-02
502,1,5,2015-08-25
504,1,-1,2016-03-31
503,1,-1,2015-08-22
506,1,-1,2015-08-26
505,1,-1,2015-08-26
508,1,8,2015-08-20
507,1,23,2015-09-01
7143,0,1,2015-11-05
8474,0,1,2017-06-14
8477,0,-1,2017-08-21
2763,1,1,2016-12-22
2764,1,5,2016-12-20
2765,1,1,2016-12-20
2766,1,2,2016-12-20
2767,1,-1,2016-12-20
2768,1,1,2016-12-20
1438,1,4,2016-04-21
2769,1,-1,2017-01-14
405,1,-1,2015-07-24
404,1,612,2017-12-04
406,1,-1,2015-07-24
409,1,-1,2015-07-27
408,1,10,2015-07-31
2770,1,1,2016-12-21
1440,1,13,2016-03-19
2771,1,-1,2016-12-21
2772,1,-1,2016-12-27
2773,1,5,2017-01-20
2774,1,-1,2016-12-31
2775,1,6,2016-12-27
2776,1,-1,2016-12-21
2777,1,4,2016-12-31
2778,1,12,2016-12-21
2779,1,-1,2017-04-25
2780,1,12,2016-12-22
2781,1,18,2016-12-22
2782,1,-1,2017-03-30
2783,1,-1,2016-12-24
1453,1,-1,2016-06-24
1454,1,6,2016-03-21
2785,1,3,2017-01-03
1455,1,230,2017-03-30
2786,1,1,2016-12-26
1456,1,5,2016-03-25
2787,1,1,2016-12-27
2788,1,1,2016-12-27
2789,1,4,2016-12-28
2790,1,1,2016-12-28
2791,1,6,2017-01-04
2792,1,1,2017-01-02
2793,1,1,2016-12-31
2794,1,-1,2017-01-02
2795,1,8,2017-01-06
414,1,8,2015-07-04
413,1,6,2015-07-04
416,1,-1,2015-07-08
415,1,5,2015-07-04
418,1,7,2015-07-12
417,1,-1,2015-07-28
419,1,-1,2015-07-08
410,1,319,2015-07-27
412,1,1,2015-07-03
411,1,2,2015-07-03
1476,1,-1,2016-04-04
1477,1,5,2016-05-10
1478,1,-1,2016-05-16
8516,0,4,2017-06-30
447,1,151,2015-08-27
8515,0,4,2017-06-30
446,1,2,2015-07-22
449,1,-1,2015-08-19
448,1,8,2015-07-18
8514,0,1,2017-06-26
441,1,-1,2015-11-14
440,1,10,2015-07-19
1483,1,157,2016-04-11
1484,1,55,2016-04-11
442,1,-1,2015-07-27
1485,1,-1,2016-04-05
1486,1,2,2016-04-03
1489,1,-1,2016-07-09
7201,0,-1,2016-01-13
439,1,8,2015-07-15
469,1,-1,2015-08-14
468,1,4,2015-08-04
8505,0,-1,2017-07-08
8504,0,56,2017-10-28
8507,0,17,2017-07-06
8506,0,4,2017-06-22
8501,0,-1,2017-08-28
8500,0,-1,2017-08-30
8503,0,10,2017-06-28
450,1,7,2015-07-18
8508,0,16,2017-06-30
480,1,-1,2015-09-28
470,1,-1,2015-08-14
472,1,-1,2016-04-21
471,1,-1,2015-11-18
474,1,-1,2015-08-19
473,1,-1,2015-08-11
476,1,3,2015-08-12
478,1,-1,2016-01-31
477,1,3,2015-07-31
2702,1,9,2017-03-10
2708,1,5,2016-12-19
2709,1,2,2017-01-19
2710,1,7,2017-01-22
2711,1,5,2016-12-23
2712,1,2,2016-12-19
2713,1,13,2016-12-13
2714,1,1,2016-12-13
2729,1,7,2016-12-13
2731,1,7,2016-12-27
2733,1,1,2016-12-14
2734,1,5,2016-12-26
2735,1,1,2017-01-11
2736,1,6,2016-12-30
2737,1,-1,2016-12-26
2738,1,1,2016-12-14
2739,1,5,2016-12-15
2740,1,10,2016-12-21
2741,1,3,2016-12-17
2742,1,3,2016-12-23
2744,1,6,2016-12-16
2745,1,3,2016-12-20
2746,1,4,2016-12-20
2747,1,1,2016-12-24
1417,1,-1,2016-03-18
2748,1,1,2016-12-20
2749,1,-1,2016-12-16
1419,1,-1,2016-03-24
2750,1,2,2017-01-25
1420,1,-1,2016-03-24
1421,1,-1,2016-03-24
2752,1,2,2016-12-19
2753,1,1,2016-12-19
2754,1,4,2016-12-19
1424,1,1,2016-03-22
2755,1,4,2016-12-19
2756,1,2,2016-12-19
2758,1,2,2016-12-25
2759,1,15,2016-12-19
2761,1,1,2016-12-20
2762,1,1,2016-12-20
1800,1,-1,2016-07-02
1802,1,42,2016-07-06
1803,1,4,2016-09-16
1808,1,14,2016-07-04
1809,1,8,2016-07-04
1810,1,14,2016-07-04
1811,1,24,2016-07-04
1812,1,5,2016-07-04
1813,1,-1,2016-09-16
1814,1,4,2016-07-09
1817,1,3,2016-07-10
1819,1,6,2016-07-18
6143,0,6,2015-06-04
6144,0,8,2015-06-04
6145,0,3,2015-06-03
8798,0,1,2018-01-24
8797,0,1,2018-01-24
7469,0,-1,2016-03-30
8799,0,1,2018-01-24
6153,0,6,2015-06-27
7480,0,18,2016-03-30
6150,0,10,2015-06-07
6146,0,-1,2015-06-03
6147,0,-1,2015-06-03
6148,0,1,2015-06-06
6149,0,1,2015-06-04
8783,0,11,2018-02-13
8782,0,1,2018-01-18
8785,0,2,2018-01-14
8784,0,6,2018-01-18
8781,0,3,2018-01-09
8780,0,6,2018-01-09
8779,0,1,2018-01-07
6118,0,-1,2016-01-26
6119,0,4,2015-06-16
8775,0,1,2017-12-21
7447,0,8,2016-03-18
8777,0,1,2018-01-03
8794,0,1,2018-01-23
8793,0,1,2018-01-21
8796,0,1,2018-01-26
8795,0,4,2018-01-24
8790,0,1,2018-01-18
8792,0,4,2018-01-19
8791,0,3,2018-01-21
8787,0,1,2018-01-15
8786,0,1,2018-01-15
8789,0,1,2018-01-17
7458,0,8,2016-03-22
8788,0,21,2018-01-17
7495,0,3,2016-02-05
7496,0,3,2016-03-08
7497,0,-1,2016-03-12
7498,0,1,2016-03-24
6159,0,435,2015-06-12
7499,0,2,2016-04-01
1799,1,1,2016-07-14
8831,0,1,2018-02-26
8830,0,-1,2018-02-21
7502,0,1,2016-03-19
8813,0,5,2018-02-07
8812,0,13,2018-02-06
8815,0,5,2018-02-07
8814,0,5,2018-02-07
8811,0,4,2018-02-06
8810,0,2,2018-02-06
8817,0,2,2018-02-08
8816,0,5,2018-02-08
8819,0,1,2018-02-09
8818,0,13,2018-02-08
8824,0,7,2018-02-16
8823,0,5,2018-02-21
8826,0,-1,2018-02-22
8825,0,1,2018-02-19
8820,0,2,2018-02-12
8822,0,9,2018-02-14
8821,0,9,2018-02-14
8828,0,2,2018-02-21
8827,0,1,2018-02-20
8829,0,1,2018-02-21
7552,0,-1,2016-06-18
6216,0,1,2015-06-17
6217,0,-1,2015-07-03
325,1,8,2015-06-06
6218,0,1,2015-08-23
328,1,-1,2015-05-30
7545,0,84,2016-02-04
322,1,1,2015-05-22
324,1,1,2015-05-24
6227,0,-1,2015-08-18
7554,0,11,2016-02-08
6225,0,-1,2015-08-18
6226,0,-1,2015-09-01
341,1,-1,2016-03-12
7540,0,100,2016-02-08
7539,0,-1,2016-09-05
364,1,8,2015-06-07
366,1,1,2015-06-09
365,1,10,2015-06-07
367,1,-1,2015-06-08
1731,1,-1,2016-06-14
1732,1,8,2016-06-19
1734,1,83,2016-10-20
1735,1,-1,2016-07-25
382,1,10,2015-06-21
1736,1,123,2016-06-21
381,1,5,2015-06-23
1737,1,4,2016-06-23
1738,1,18,2016-07-21
1739,1,77,2016-09-19
384,1,8,2015-06-21
383,1,4,2015-06-23
385,1,-1,2016-03-27
388,1,46,2015-11-24
1740,1,1,2016-07-02
1741,1,83,2016-10-15
1742,1,19,2016-06-26
1743,1,16,2016-06-26
1744,1,67,2016-06-27
8802,0,1,2018-01-25
8801,0,1,2018-01-24
8804,0,1,2018-01-25
8803,0,1,2018-01-25
8800,0,1,2018-01-24
8809,0,13,2018-02-06
8805,0,1,2018-01-25
8808,0,3,2018-01-29
8807,0,1,2018-01-29
1776,1,-1,2016-06-28
1782,1,27,2016-06-29
1783,1,10,2016-07-02
6088,0,335,2015-07-13
6091,0,-1,2015-07-21
6099,0,2,2015-05-31
6095,0,126,2015-05-30
6096,0,17,2015-09-03
8684,0,2,2017-10-27
6021,0,1,2015-05-23
8683,0,10,2017-10-15
6022,0,-1,2015-05-17
6023,0,8,2015-05-29
8686,0,-1,2017-11-23
8685,0,1,2017-11-10
6024,0,203,2015-08-25
8682,0,8,2017-10-29
7349,0,1,2016-02-07
6018,0,-1,2015-07-11
6019,0,-1,2016-03-10
6017,0,-1,2015-07-11
6032,0,6,2015-05-30
7364,0,-1,2016-02-11
6033,0,6,2015-05-26
6034,0,11,2015-05-30
6035,0,7,2015-06-03
6030,0,1,2015-06-01
6031,0,8,2015-05-22
6026,0,-1,2017-04-05
6027,0,-1,2015-07-09
6028,0,446,2015-05-24
8655,0,-1,2017-11-06
8654,0,-1,2017-11-06
8656,0,-1,2017-11-06
7338,0,14,2016-02-03
7336,0,1,2016-01-28
6060,0,1,2015-05-20
6065,0,1,2015-05-24
6066,0,3,2015-05-27
7392,0,9,2016-02-27
6062,0,1,2015-07-19
6063,0,6,2015-05-24
6064,0,8,2015-05-24
6079,0,8,2015-07-30
6044,0,3,2015-05-24
7371,0,2,2016-02-15
6040,0,26,2015-06-23
6036,0,3,2015-06-07
6037,0,10,2015-06-11
6038,0,9,2015-06-15
6039,0,8,2015-06-19
7385,0,4,2016-02-23
6056,0,8,2015-05-22
7378,0,2,2016-02-19
1675,1,4,2016-06-25
1676,1,-1,2016-06-05
8716,0,1,2017-11-23
8710,0,-1,2017-12-02
8712,0,13,2017-10-30
8719,0,2,2017-11-05
8725,0,2,2017-11-06
8724,0,2,2017-12-07
8727,0,1,2017-11-13
8726,0,3,2017-11-09
8721,0,33,2017-11-12
8720,0,4,2017-11-03
8723,0,-1,2017-11-10
8722,0,25,2017-11-28
1696,1,13,2016-06-08
1697,1,20,2016-06-09
1698,1,23,2016-06-09
1699,1,101,2016-06-12
8703,0,2,2017-10-23
8705,0,-1,2017-10-24
8704,0,2,2017-10-23
8701,0,1,2017-10-21
8700,0,2,2017-10-25
8707,0,22,2017-12-23
8706,0,12,2017-10-25
8709,0,-1,2017-12-02
8708,0,1,2017-10-28
8754,0,8,2017-12-25
8753,0,-1,2017-12-29
7425,0,11,2016-03-10
8755,0,-1,2017-12-29
8772,0,2,2017-12-19
8771,0,1,2017-12-19
8773,0,-1,2017-12-20
8770,0,1,2017-12-19
8769,0,2,2017-12-29
8768,0,1,2017-12-25
6108,0,446,2015-06-01
8765,0,1,2017-12-15
8764,0,-1,2018-01-01
8767,0,1,2017-12-30
7436,0,3,2016-03-14
8766,0,1,2017-12-18
8741,0,-1,2017-12-18
8740,0,-1,2017-12-18
8736,0,3,2017-11-20
227,1,10,2015-04-26
8735,0,8,2017-11-18
229,1,10,2015-04-26
8738,0,-1,2017-08-12
228,1,8,2015-04-26
8737,0,-1,2017-12-18
8732,0,27,2017-11-14
8731,0,8,2017-12-05
7403,0,-1,2016-03-02
8733,0,1,2017-11-16
220,1,5,2015-05-13
8750,0,6,2017-12-17
8752,0,-1,2017-12-29
8751,0,43,2017-12-05
8746,0,-1,2017-11-27
8749,0,3,2017-11-30
8748,0,3,2017-11-29
8743,0,-1,2017-12-07
8745,0,32,2017-11-26
7414,0,7,2016-03-06
8744,0,2,2017-11-23
2920,1,5,2017-02-09
2921,1,3,2017-02-07
2922,1,7,2017-01-29
2923,1,1,2017-01-26
2924,1,3,2017-01-29
2925,1,160,2017-10-28
241,1,-1,2015-05-05
2934,1,8,2017-02-04
2936,1,1,2017-01-27
2937,1,-1,2017-04-21
2938,1,1,2017-01-30
2939,1,1,2017-01-30
230,1,-1,2015-11-26
231,1,-1,2016-01-17
2940,1,2,2017-02-15
2941,1,9,2017-02-01
2942,1,2,2017-05-24
2943,1,4,2017-01-30
2944,1,7,2017-02-11
267,1,1,2015-05-10
269,1,1,2015-05-09
2955,1,1,2017-01-31
2956,1,8,2017-01-31
1625,1,8,2016-05-09
2957,1,6,2017-01-31
1626,1,29,2016-05-12
2958,1,3,2017-02-01
1627,1,33,2016-05-16
2959,1,9,2017-02-02
1628,1,9,2016-05-15
1629,1,8,2016-05-17
2960,1,3,2017-02-02
2961,1,1,2017-02-02
1630,1,5,2016-05-25
2962,1,5,2017-02-05
1631,1,19,2016-05-17
1632,1,25,2016-05-17
2963,1,-1,2017-05-26
2964,1,42,2017-02-19
1633,1,18,2016-06-08
2965,1,102,2017-07-13
1634,1,26,2016-05-19
2966,1,1,2017-02-06
1635,1,59,2016-08-05
280,1,5,2015-05-11
283,1,-1,2015-05-15
2967,1,-1,2017-05-27
2968,1,-1,2017-02-18
282,1,-1,2015-06-22
2969,1,1,2017-03-06
274,1,-1,2015-06-19
273,1,-1,2015-10-23
276,1,-1,2015-06-15
275,1,-1,2015-12-12
278,1,-1,2015-06-15
277,1,-1,2015-06-21
2981,1,-1,2017-02-20
2982,1,16,2017-02-18
279,1,-1,2015-06-02
2983,1,-1,2017-02-14
2984,1,-1,2017-02-12
2985,1,23,2017-02-07
2986,1,8,2017-02-21
2987,1,6,2017-02-07
2988,1,-1,2017-02-19
2989,1,3,2017-02-07
2990,1,102,2017-02-07
2991,1,6,2017-02-15
1660,1,25,2016-05-22
2992,1,12,2017-02-07
1661,1,7,2016-05-24
2993,1,6,2017-02-07
1662,1,29,2016-06-02
2994,1,48,2017-02-07
1663,1,7,2016-05-24
2995,1,5,2017-02-07
1664,1,31,2016-06-02
2996,1,14,2017-02-07
1665,1,8,2016-06-04
2997,1,25,2017-02-20
1666,1,19,2016-05-26
2998,1,24,2017-02-07
1667,1,8,2016-05-29
2999,1,23,2017-02-07
1672,1,15,2016-06-01
